cell_id,study,Cycles ,anode,cathode,electrolyte,Cycle,temperature,min_soc,max_soc,charge_crate,discharge_crate,capacity_ah,form_factor,Start_Time,End_Time,Test_Time (s),Min_Current (A),Max_Current (A),Min_Voltage (V),Max_Voltage (V),Charge_Capacity (Ah),Discharge_Capacity (Ah),Charge_Energy (Wh),Discharge_Energy (Wh),Coulombic_Efficiency (%),Energy_Efficiency (%)
SNL_18650_LFP_15C_0-100_0.5-1C_a,snl,"4,551.00",graphite,LFP,A123,50,15,0,100,0.5,1.0,1.1,18650,2018-02-08 02:03:19.400382,2018-02-08 05:08:24.091813,587184.091,-1.1,0.55,1.998,3.6,1.036,1.033,3.495,3.213,99.71042471042469,91.931330472103
SNL_18650_LFP_15C_0-100_0.5-1C_a,snl,"4,551.00",graphite,LFP,A123,100,15,0,100,0.5,1.0,1.1,18650,2018-02-14 13:48:23.957810,2018-02-14 16:53:05.412870,1147865.412,-1.1,0.55,1.996,3.6,1.035,1.032,3.492,3.212,99.71014492753623,91.98167239404353
SNL_18650_LFP_15C_0-100_0.5-1C_a,snl,"4,551.00",graphite,LFP,A123,150,15,0,100,0.5,1.0,1.1,18650,2018-02-21 01:12:51.403326,2018-02-21 04:17:09.606454,1707309.606,-1.1,0.55,1.998,3.6,1.034,1.031,3.488,3.21,99.7098646034816,92.02981651376146
SNL_18650_LFP_15C_0-100_0.5-1C_a,snl,"4,551.00",graphite,LFP,A123,200,15,0,100,0.5,1.0,1.1,18650,2018-02-27 12:18:41.181906,2018-02-27 15:22:41.077262,2265641.077,-1.1,0.55,1.994,3.6,1.033,1.03,3.49,3.193,99.70958373668927,91.48997134670486
SNL_18650_LFP_15C_0-100_0.5-1C_a,snl,"4,551.00",graphite,LFP,A123,250,15,0,100,0.5,1.0,1.1,18650,2018-03-05 23:11:06.762258,2018-03-06 02:14:50.271042,2823170.271,-1.1,0.55,1.998,3.6,1.031,1.028,3.495,3.169,99.70902036857422,90.67238912732475
SNL_18650_LFP_15C_0-100_0.5-1C_a,snl,"4,551.00",graphite,LFP,A123,300,15,0,100,0.5,1.0,1.1,18650,2018-03-12 09:48:59.092395,2018-03-12 12:52:20.056329,3379820.056,-1.1,0.55,1.998,3.6,1.03,1.027,3.492,3.161,99.70873786407766,90.52119129438717
SNL_18650_LFP_15C_0-100_0.5-1C_a,snl,"4,551.00",graphite,LFP,A123,350,15,0,100,0.5,1.0,1.1,18650,2018-03-18 20:06:23.091545,2018-03-18 23:09:18.013718,3935238.013,-1.1,0.55,1.999,3.6,1.029,1.026,3.47,3.193,99.70845481049564,92.01729106628241
SNL_18650_LFP_15C_0-100_0.5-1C_a,snl,"4,551.00",graphite,LFP,A123,400,15,0,100,0.5,1.0,1.1,18650,2018-03-25 06:06:17.903972,2018-03-25 09:08:59.767211,4489619.767,-1.1,0.55,1.996,3.6,1.028,1.025,3.47,3.184,99.70817120622567,91.7579250720461
SNL_18650_LFP_15C_0-100_0.5-1C_a,snl,"4,551.00",graphite,LFP,A123,450,15,0,100,0.5,1.0,1.1,18650,2018-03-31 16:02:52.244636,2018-03-31 19:05:28.164825,5043808.164,-1.1,0.55,1.997,3.6,1.026,1.023,3.488,3.13,99.70760233918128,89.7362385321101
SNL_18650_LFP_15C_0-100_0.5-1C_a,snl,"4,551.00",graphite,LFP,A123,500,15,0,100,0.5,1.0,1.1,18650,2018-04-07 01:47:36.005127,2018-04-07 04:49:58.727449,5597278.727,-1.1,0.55,1.995,3.6,1.025,1.022,3.483,3.129,99.70731707317074,89.83634797588286
SNL_18650_LFP_15C_0-100_0.5-2C_a,snl,"3,761.00",graphite,LFP,A123,50,15,0,100,0.5,2.0,1.1,18650,2018-02-07 04:09:56.643808,2018-02-07 06:46:31.773384,506297.773,-2.2,0.549,1.998,3.6,1.029,1.031,3.467,3.1,100.19436345966959,89.41447937698298
SNL_18650_LFP_15C_0-100_0.5-2C_a,snl,"3,761.00",graphite,LFP,A123,100,15,0,100,0.5,2.0,1.1,18650,2018-02-12 16:01:31.972885,2018-02-12 18:37:27.097715,980953.097,-2.2,0.55,1.996,3.6,1.028,1.03,3.461,3.099,100.19455252918289,89.54059520369836
SNL_18650_LFP_15C_0-100_0.5-2C_a,snl,"3,761.00",graphite,LFP,A123,150,15,0,100,0.5,2.0,1.1,18650,2018-02-18 03:21:53.970942,2018-02-18 05:57:13.524845,1453739.524,-2.2,0.549,1.998,3.6,1.026,1.028,3.454,3.095,100.19493177387915,89.60625361899247
SNL_18650_LFP_15C_0-100_0.5-2C_a,snl,"3,761.00",graphite,LFP,A123,200,15,0,100,0.5,2.0,1.1,18650,2018-02-23 14:15:57.788050,2018-02-23 16:50:47.903044,1924953.903,-2.2,0.55,1.997,3.6,1.024,1.026,3.448,3.091,100.1953125,89.64617169373551
SNL_18650_LFP_15C_0-100_0.5-2C_a,snl,"3,761.00",graphite,LFP,A123,250,15,0,100,0.5,2.0,1.1,18650,2018-03-01 00:48:36.284304,2018-03-01 03:23:00.435164,2394886.435,-2.2,0.549,1.995,3.6,1.022,1.024,3.442,3.078,100.19569471624266,89.424753050552
SNL_18650_LFP_15C_0-100_0.5-2C_a,snl,"3,761.00",graphite,LFP,A123,300,15,0,100,0.5,2.0,1.1,18650,2018-03-06 10:59:47.816445,2018-03-06 13:33:51.016889,2863537.016,-2.2,0.549,1.998,3.6,1.02,1.022,3.435,3.075,100.19607843137254,89.51965065502185
SNL_18650_LFP_15C_0-100_0.5-2C_a,snl,"3,761.00",graphite,LFP,A123,350,15,0,100,0.5,2.0,1.1,18650,2018-03-11 20:52:28.158023,2018-03-11 23:26:08.539604,3331074.539,-2.2,0.549,1.998,3.6,1.018,1.02,3.429,3.067,100.19646365422396,89.44298629338
SNL_18650_LFP_15C_0-100_0.5-2C_a,snl,"3,761.00",graphite,LFP,A123,400,15,0,100,0.5,2.0,1.1,18650,2018-03-17 06:24:23.658379,2018-03-17 08:57:43.428457,3797369.428,-2.2,0.549,1.997,3.6,1.016,1.019,3.422,3.065,100.29527559055119,89.56750438340151
SNL_18650_LFP_15C_0-100_0.5-2C_a,snl,"3,761.00",graphite,LFP,A123,450,15,0,100,0.5,2.0,1.1,18650,2018-03-22 15:40:10.019620,2018-03-22 18:13:14.102430,4262700.102,-2.2,0.549,1.995,3.6,1.014,1.017,3.423,3.036,100.29585798816566,88.69412795793164
SNL_18650_LFP_15C_0-100_0.5-2C_a,snl,"3,761.00",graphite,LFP,A123,500,15,0,100,0.5,2.0,1.1,18650,2018-03-28 00:42:08.280783,2018-03-28 03:14:47.425990,4727193.425,-2.2,0.549,1.996,3.6,1.013,1.015,3.412,3.046,100.1974333662389,89.27315357561547
SNL_18650_LFP_25C_0-100_0.5-0.5C_a,snl,"3,050.00",graphite,LFP,A123,50,25,0,100,0.5,0.5,1.1,18650,2017-08-16 03:03:31.625261,2017-08-16 07:11:26.461614,771500.461,-0.55,0.548,1.999,3.6,1.061,1.064,3.549,3.43,100.28275212064091,96.64694280078896
SNL_18650_LFP_25C_0-100_0.5-0.5C_a,snl,"3,050.00",graphite,LFP,A123,100,25,0,100,0.5,0.5,1.1,18650,2017-08-24 18:46:46.451240,2017-08-24 22:53:25.415192,1519219.415,-0.55,0.548,1.997,3.6,1.056,1.059,3.533,3.412,100.28409090909089,96.57514859892443
SNL_18650_LFP_25C_0-100_0.5-0.5C_a,snl,"3,050.00",graphite,LFP,A123,150,25,0,100,0.5,0.5,1.1,18650,2017-09-02 09:03:16.811184,2017-09-02 13:08:16.071270,2261710.071,-0.55,0.548,1.998,3.6,1.05,1.053,3.513,3.392,100.28571428571426,96.55565044121833
SNL_18650_LFP_25C_0-100_0.5-0.5C_a,snl,"3,050.00",graphite,LFP,A123,200,25,0,100,0.5,0.5,1.1,18650,2017-09-10 22:32:06.445919,2017-09-11 02:36:13.890450,3001387.89,-0.55,0.549,1.999,3.6,1.048,1.05,3.504,3.383,100.1908396946565,96.54680365296804
SNL_18650_LFP_25C_0-100_0.5-0.5C_a,snl,"3,050.00",graphite,LFP,A123,250,25,0,100,0.5,0.5,1.1,18650,2017-09-22 15:53:59.128493,2017-09-22 19:57:10.827773,3729184.983,-0.55,0.549,1.999,3.6,1.043,1.045,3.49,3.366,100.19175455417067,96.44699140401146
SNL_18650_LFP_25C_0-100_0.5-0.5C_a,snl,"3,050.00",graphite,LFP,A123,300,25,0,100,0.5,0.5,1.1,18650,2017-10-01 04:05:13.555869,2017-10-01 08:07:56.471681,4464230.627,-0.55,0.549,1.999,3.6,1.042,1.044,3.484,3.365,100.19193857965452,96.58438576349025
SNL_18650_LFP_25C_0-100_0.5-0.5C_a,snl,"3,050.00",graphite,LFP,A123,350,25,0,100,0.5,0.5,1.1,18650,2017-10-09 15:42:22.443490,2017-10-09 19:44:20.805730,5197214.961,-0.55,0.549,1.998,3.6,1.04,1.042,3.476,3.358,100.1923076923077,96.60529344073649
SNL_18650_LFP_25C_0-100_0.5-0.5C_a,snl,"3,050.00",graphite,LFP,A123,400,25,0,100,0.5,0.5,1.1,18650,2017-10-18 02:47:35.026452,2017-10-18 06:48:56.827189,5928290.982,-0.55,0.549,1.997,3.6,1.037,1.04,3.467,3.35,100.28929604628738,96.62532448802999
SNL_18650_LFP_25C_0-100_0.5-0.5C_a,snl,"3,050.00",graphite,LFP,A123,450,25,0,100,0.5,0.5,1.1,18650,2017-11-12 10:55:08.007765,2017-11-12 14:57:45.308787,6667356.343,-0.55,0.548,1.996,3.6,1.04,1.043,3.478,3.36,100.28846153846153,96.60724554341574
SNL_18650_LFP_25C_0-100_0.5-0.5C_a,snl,"3,050.00",graphite,LFP,A123,500,25,0,100,0.5,0.5,1.1,18650,2017-11-20 22:15:40.428651,2017-11-21 02:17:09.276490,7399320.311,-0.55,0.548,1.996,3.6,1.037,1.039,3.467,3.348,100.19286403085826,96.56763772714162
SNL_18650_LFP_25C_0-100_0.5-1C_a,snl,"3,545.00",graphite,LFP,A123,50,25,0,100,0.5,1.0,1.1,18650,2018-02-12 05:40:16.679652,2018-02-12 08:43:24.812930,581380.812,-1.1,0.549,1.992,3.6,1.028,1.031,3.436,3.28,100.29182879377431,95.45983701979046
SNL_18650_LFP_25C_0-100_0.5-1C_a,snl,"3,545.00",graphite,LFP,A123,100,25,0,100,0.5,1.0,1.1,18650,2018-02-18 15:38:35.041493,2018-02-18 18:41:01.345066,1135637.345,-1.1,0.549,1.992,3.6,1.026,1.029,3.429,3.274,100.2923976608187,95.47973170020416
SNL_18650_LFP_25C_0-100_0.5-1C_a,snl,"3,545.00",graphite,LFP,A123,150,25,0,100,0.5,1.0,1.1,18650,2018-02-25 01:05:24.622058,2018-02-25 04:07:15.502087,1688011.502,-1.1,0.549,1.995,3.6,1.024,1.026,3.421,3.266,100.1953125,95.46916106401638
SNL_18650_LFP_25C_0-100_0.5-1C_a,snl,"3,545.00",graphite,LFP,A123,200,25,0,100,0.5,1.0,1.1,18650,2018-03-03 10:05:01.687110,2018-03-03 13:06:18.238393,2238754.238,-1.1,0.549,1.992,3.6,1.022,1.024,3.415,3.259,100.19569471624266,95.43191800878476
SNL_18650_LFP_25C_0-100_0.5-1C_a,snl,"3,545.00",graphite,LFP,A123,250,25,0,100,0.5,1.0,1.1,18650,2018-03-09 18:38:33.389059,2018-03-09 21:39:21.577417,2787937.577,-1.1,0.549,1.996,3.6,1.02,1.022,3.408,3.253,100.19607843137254,95.45187793427232
SNL_18650_LFP_25C_0-100_0.5-1C_a,snl,"3,545.00",graphite,LFP,A123,300,25,0,100,0.5,1.0,1.1,18650,2018-03-16 02:49:27.553707,2018-03-16 05:49:48.719584,3335764.719,-1.1,0.549,1.996,3.6,1.018,1.021,3.401,3.246,100.29469548133594,95.44251690679214
SNL_18650_LFP_25C_0-100_0.5-1C_a,snl,"3,545.00",graphite,LFP,A123,350,25,0,100,0.5,1.0,1.1,18650,2018-03-22 10:39:09.323681,2018-03-22 13:39:07.773484,3882323.773,-1.1,0.549,1.997,3.6,1.016,1.019,3.395,3.24,100.29527559055119,95.43446244477173
SNL_18650_LFP_25C_0-100_0.5-1C_a,snl,"3,545.00",graphite,LFP,A123,400,25,0,100,0.5,1.0,1.1,18650,2018-03-28 18:10:02.010767,2018-03-28 21:09:38.426263,4427754.426,-1.1,0.55,1.989,3.6,1.015,1.017,3.39,3.234,100.19704433497536,95.39823008849557
SNL_18650_LFP_25C_0-100_0.5-1C_a,snl,"3,545.00",graphite,LFP,A123,450,25,0,100,0.5,1.0,1.1,18650,2018-04-04 01:23:21.486710,2018-04-04 04:22:38.998588,4972134.998,-1.1,0.549,1.995,3.6,1.013,1.015,3.384,3.229,100.1974333662389,95.41962174940899
SNL_18650_LFP_25C_0-100_0.5-1C_a,snl,"3,545.00",graphite,LFP,A123,500,25,0,100,0.5,1.0,1.1,18650,2018-04-10 08:20:47.169908,2018-04-10 11:19:45.800482,5515561.8,-1.099,0.549,1.997,3.6,1.012,1.014,3.379,3.224,100.19762845849802,95.41284403669725
SNL_18650_LFP_25C_0-100_0.5-2C_a,snl,"3,544.00",graphite,LFP,A123,50,25,0,100,0.5,2.0,1.1,18650,2018-02-11 07:14:51.929384,2018-02-11 09:49:05.961947,498771.961,-2.2,0.55,1.996,3.6,1.031,1.032,3.446,3.216,100.09699321047528,93.32559489262914
SNL_18650_LFP_25C_0-100_0.5-2C_a,snl,"3,544.00",graphite,LFP,A123,100,25,0,100,0.5,2.0,1.1,18650,2018-02-16 17:11:01.638336,2018-02-16 19:44:42.021504,966508.021,-2.2,0.549,1.993,3.6,1.03,1.03,3.439,3.212,100.0,93.39924396626927
SNL_18650_LFP_25C_0-100_0.5-2C_a,snl,"3,544.00",graphite,LFP,A123,150,25,0,100,0.5,2.0,1.1,18650,2018-02-22 02:39:47.017570,2018-02-22 05:12:55.066187,1432601.066,-2.2,0.549,1.997,3.6,1.027,1.028,3.431,3.206,100.09737098344695,93.4421451471874
SNL_18650_LFP_25C_0-100_0.5-2C_a,snl,"3,544.00",graphite,LFP,A123,200,25,0,100,0.5,2.0,1.1,18650,2018-02-27 11:43:58.402592,2018-02-27 14:16:38.085593,1897224.085,-2.2,0.549,1.993,3.601,1.025,1.026,3.424,3.2,100.09756097560975,93.45794392523365
SNL_18650_LFP_25C_0-100_0.5-2C_a,snl,"3,544.00",graphite,LFP,A123,250,25,0,100,0.5,2.0,1.1,18650,2018-03-04 20:26:41.702651,2018-03-04 22:58:58.690940,2360564.69,-2.2,0.549,1.989,3.6,1.023,1.024,3.418,3.186,100.09775171065493,93.21240491515506
SNL_18650_LFP_25C_0-100_0.5-2C_a,snl,"3,544.00",graphite,LFP,A123,300,25,0,100,0.5,2.0,1.1,18650,2018-03-10 04:50:01.682160,2018-03-10 07:21:53.939481,2822739.939,-2.2,0.549,1.993,3.6,1.021,1.022,3.412,3.181,100.0979431929481,93.22977725674092
SNL_18650_LFP_25C_0-100_0.5-2C_a,snl,"3,544.00",graphite,LFP,A123,350,25,0,100,0.5,2.0,1.1,18650,2018-03-15 12:55:40.618301,2018-03-15 15:27:13.252676,3283859.252,-2.2,0.549,1.987,3.6,1.02,1.02,3.406,3.175,100.0,93.21785085143863
SNL_18650_LFP_25C_0-100_0.5-2C_a,snl,"3,544.00",graphite,LFP,A123,400,25,0,100,0.5,2.0,1.1,18650,2018-03-20 20:43:41.029627,2018-03-20 23:14:53.224951,3743919.224,-2.2,0.549,1.992,3.6,1.017,1.019,3.396,3.182,100.19665683382497,93.69846878680801
SNL_18650_LFP_25C_0-100_0.5-2C_a,snl,"3,544.00",graphite,LFP,A123,450,25,0,100,0.5,2.0,1.1,18650,2018-03-26 04:15:29.977955,2018-03-26 06:46:18.537727,4203004.537,-2.2,0.549,1.996,3.6,1.016,1.017,3.39,3.177,100.0984251968504,93.71681415929203
SNL_18650_LFP_25C_0-100_0.5-2C_a,snl,"3,544.00",graphite,LFP,A123,500,25,0,100,0.5,2.0,1.1,18650,2018-03-31 11:19:09.728778,2018-03-31 13:49:02.484430,4660368.484,-2.2,0.549,1.999,3.6,1.009,1.009,3.366,3.151,100.0,93.61259655377302
SNL_18650_LFP_25C_0-100_0.5-3C_a,snl,"4,569.00",graphite,LFP,A123,50,25,0,100,0.5,3.0,1.1,18650,2017-08-12 17:25:29.338888,2017-08-12 19:50:06.755148,471591.755,-3.3,0.549,1.988,3.6,1.031,1.029,3.441,3.14,99.80601357904946,91.2525428654461
SNL_18650_LFP_25C_0-100_0.5-3C_a,snl,"4,569.00",graphite,LFP,A123,100,25,0,100,0.5,3.0,1.1,18650,2017-08-17 19:14:47.319589,2017-08-17 21:38:34.270674,910099.27,-3.3,0.549,1.989,3.6,1.026,1.024,3.427,3.127,99.80506822612085,91.24598774438284
SNL_18650_LFP_25C_0-100_0.5-3C_a,snl,"4,569.00",graphite,LFP,A123,150,25,0,100,0.5,3.0,1.1,18650,2017-08-22 20:27:48.560639,2017-08-22 22:50:56.258671,1346441.258,-3.3,0.549,1.989,3.6,1.022,1.02,3.413,3.114,99.80430528375733,91.2393788455904
SNL_18650_LFP_25C_0-100_0.5-3C_a,snl,"4,569.00",graphite,LFP,A123,200,25,0,100,0.5,3.0,1.1,18650,2017-08-27 21:10:07.975544,2017-08-27 23:32:40.437021,1780945.437,-3.3,0.549,1.987,3.6,1.019,1.017,3.401,3.105,99.80372914622178,91.29667744780947
SNL_18650_LFP_25C_0-100_0.5-3C_a,snl,"4,569.00",graphite,LFP,A123,250,25,0,100,0.5,3.0,1.1,18650,2017-09-10 19:58:47.766611,2017-09-10 22:21:25.832699,2233331.078,-3.3,0.55,1.99,3.6,1.02,1.018,3.404,3.109,99.80392156862746,91.3337250293772
SNL_18650_LFP_25C_0-100_0.5-3C_a,snl,"4,569.00",graphite,LFP,A123,300,25,0,100,0.5,3.0,1.1,18650,2017-09-15 20:04:30.803623,2017-09-15 22:26:14.516013,2665619.762,-3.3,0.549,1.996,3.6,1.015,1.013,3.388,3.09,99.80295566502463,91.20425029515938
SNL_18650_LFP_25C_0-100_0.5-3C_a,snl,"4,569.00",graphite,LFP,A123,350,25,0,100,0.5,3.0,1.1,18650,2017-09-20 19:12:19.050056,2017-09-20 21:32:52.820844,3094418.067,-3.3,0.549,1.997,3.6,1.007,1.005,3.361,3.059,99.80139026812313,91.01457899434692
SNL_18650_LFP_25C_0-100_0.5-3C_a,snl,"4,569.00",graphite,LFP,A123,400,25,0,100,0.5,3.0,1.1,18650,2017-09-25 17:56:33.569129,2017-09-25 20:16:54.413904,3521859.66,-3.3,0.549,1.996,3.6,1.006,1.004,3.359,3.053,99.80119284294234,90.89014587674903
SNL_18650_LFP_25C_0-100_0.5-3C_a,snl,"4,569.00",graphite,LFP,A123,450,25,0,100,0.5,3.0,1.1,18650,2017-10-13 09:32:35.710283,2017-10-13 11:53:37.020823,3990316.091,-3.3,0.549,1.997,3.6,1.011,1.009,3.373,3.083,99.80217606330366,91.4023124814705
SNL_18650_LFP_25C_0-100_0.5-3C_a,snl,"4,569.00",graphite,LFP,A123,500,25,0,100,0.5,3.0,1.1,18650,2017-10-18 08:28:01.190549,2017-10-18 10:48:25.799898,4418404.87,-3.3,0.549,1.988,3.6,1.007,1.005,3.36,3.07,99.80139026812313,91.36904761904762
SNL_18650_LFP_25C_20-80_0.5-0.5C_a,snl,"7,375.00",graphite,LFP,A123,50,25,20,80,0.5,0.5,1.1,18650,2017-08-12 07:18:16.161293,2017-08-12 09:27:15.758127,434025.758,-0.55,0.549,3.159,3.39,0.553,0.554,1.854,1.792,100.18083182640144,96.65587918015103
SNL_18650_LFP_25C_20-80_0.5-0.5C_a,snl,"7,375.00",graphite,LFP,A123,100,25,20,80,0.5,0.5,1.1,18650,2017-08-16 20:09:13.464856,2017-08-16 22:17:28.462956,825838.462,-0.55,0.549,3.159,3.39,0.55,0.551,1.842,1.782,100.18181818181817,96.74267100977198
SNL_18650_LFP_25C_20-80_0.5-0.5C_a,snl,"7,375.00",graphite,LFP,A123,150,25,20,80,0.5,0.5,1.1,18650,2017-08-21 08:26:36.069963,2017-08-21 10:34:20.029013,1215650.029,-0.55,0.548,3.159,3.39,0.547,0.549,1.834,1.774,100.36563071297988,96.72846237731734
SNL_18650_LFP_25C_20-80_0.5-0.5C_a,snl,"7,375.00",graphite,LFP,A123,200,25,20,80,0.5,0.5,1.1,18650,2017-08-25 20:39:26.736897,2017-08-25 22:47:12.564829,1605222.564,-0.55,0.549,3.159,3.39,0.547,0.549,1.834,1.776,100.36563071297988,96.83751363140675
SNL_18650_LFP_25C_20-80_0.5-0.5C_a,snl,"7,375.00",graphite,LFP,A123,250,25,20,80,0.5,0.5,1.1,18650,2017-08-29 13:37:13.718062,2017-08-29 14:58:10.228843,1922680.228,-0.55,0.548,3.159,3.39,0.333,0.334,1.123,1.074,100.30030030030031,95.63668744434551
SNL_18650_LFP_25C_20-80_0.5-0.5C_a,snl,"7,375.00",graphite,LFP,A123,300,25,20,80,0.5,0.5,1.1,18650,2017-08-31 03:32:29.998114,2017-08-31 03:49:26.028448,2055356.028,-0.55,0.548,3.159,3.39,0.04,0.041,0.137,0.13,102.49999999999999,94.8905109489051
SNL_18650_LFP_25C_20-80_0.5-0.5C_a,snl,"7,375.00",graphite,LFP,A123,350,25,20,80,0.5,0.5,1.1,18650,2017-08-31 19:51:52.639083,2017-08-31 20:09:55.053012,2114185.053,-0.55,0.548,3.159,3.39,0.045,0.046,0.154,0.146,102.22222222222221,94.8051948051948
SNL_18650_LFP_25C_20-80_0.5-0.5C_a,snl,"7,375.00",graphite,LFP,A123,400,25,20,80,0.5,0.5,1.1,18650,2017-09-01 12:53:04.510527,2017-09-01 13:11:51.102018,2175501.102,-0.55,0.548,3.159,3.39,0.049,0.049,0.165,0.157,100.0,95.15151515151514
SNL_18650_LFP_25C_20-80_0.5-0.5C_a,snl,"7,375.00",graphite,LFP,A123,450,25,20,80,0.5,0.5,1.1,18650,2017-09-02 06:22:20.727649,2017-09-02 06:41:30.407201,2238480.407,-0.55,0.548,3.159,3.39,0.051,0.051,0.171,0.163,100.0,95.32163742690058
SNL_18650_LFP_25C_20-80_0.5-0.5C_a,snl,"7,375.00",graphite,LFP,A123,500,25,20,80,0.5,0.5,1.1,18650,2017-09-03 00:06:09.973834,2017-09-03 00:25:34.466835,2302324.466,-0.55,0.548,3.159,3.39,0.052,0.052,0.175,0.166,100.0,94.85714285714288
SNL_18650_LFP_25C_20-80_0.5-3C_a,snl,"2,959.00",graphite,LFP,A123,50,25,20,80,0.5,3.0,1.1,18650,2017-08-10 23:06:39.512953,2017-08-11 00:38:42.748219,316072.748,-3.3,0.549,2.944,3.396,0.66,0.66,2.205,2.028,100.0,91.97278911564626
SNL_18650_LFP_25C_20-80_0.5-3C_a,snl,"2,959.00",graphite,LFP,A123,100,25,20,80,0.5,3.0,1.1,18650,2017-08-14 05:29:37.755486,2017-08-14 07:01:41.389841,598251.389,-3.3,0.549,2.946,3.397,0.66,0.66,2.206,2.029,100.0,91.97642792384406
SNL_18650_LFP_25C_20-80_0.5-3C_a,snl,"2,959.00",graphite,LFP,A123,150,25,20,80,0.5,3.0,1.1,18650,2017-08-17 11:52:46.536573,2017-08-17 13:24:50.190737,880440.19,-3.3,0.549,2.95,3.399,0.66,0.66,2.207,2.03,100.0,91.9800634345265
SNL_18650_LFP_25C_20-80_0.5-3C_a,snl,"2,959.00",graphite,LFP,A123,200,25,20,80,0.5,3.0,1.1,18650,2017-08-20 18:16:01.007727,2017-08-20 19:48:04.861958,1162634.861,-3.3,0.549,2.957,3.4,0.66,0.66,2.208,2.031,100.0,91.9836956521739
SNL_18650_LFP_25C_20-80_0.5-3C_a,snl,"2,959.00",graphite,LFP,A123,250,25,20,80,0.5,3.0,1.1,18650,2017-08-24 00:39:25.749052,2017-08-24 02:11:30.005423,1444840.005,-3.3,0.549,2.965,3.402,0.66,0.66,2.209,2.034,100.0,92.077863286555
SNL_18650_LFP_25C_20-80_0.5-3C_a,snl,"2,959.00",graphite,LFP,A123,300,25,20,80,0.5,3.0,1.1,18650,2017-08-27 07:03:10.078771,2017-08-27 08:35:15.026139,1727065.026,-3.301,0.549,2.977,3.405,0.66,0.66,2.21,2.037,100.0,92.17194570135746
SNL_18650_LFP_25C_20-80_0.5-3C_a,snl,"2,959.00",graphite,LFP,A123,350,25,20,80,0.5,3.0,1.1,18650,2017-08-30 13:27:08.802319,2017-08-30 14:59:13.872720,2009303.872,-3.3,0.549,2.983,3.408,0.66,0.66,2.211,2.038,100.0,92.17548620533695
SNL_18650_LFP_25C_20-80_0.5-3C_a,snl,"2,959.00",graphite,LFP,A123,400,25,20,80,0.5,3.0,1.1,18650,2017-09-02 19:51:20.659989,2017-09-02 21:23:25.564115,2291555.564,-3.3,0.549,2.993,3.415,0.66,0.66,2.213,2.04,100.0,92.1825576140985
SNL_18650_LFP_25C_20-80_0.5-3C_a,snl,"2,959.00",graphite,LFP,A123,450,25,20,80,0.5,3.0,1.1,18650,2017-09-06 02:15:12.092124,2017-09-06 03:47:16.322620,2573786.322,-3.3,0.549,3.001,3.423,0.66,0.66,2.215,2.043,100.0,92.23476297968398
SNL_18650_LFP_25C_20-80_0.5-3C_a,snl,"2,959.00",graphite,LFP,A123,500,25,20,80,0.5,3.0,1.1,18650,2017-09-09 08:38:49.663195,2017-09-09 10:10:54.047753,2856004.047,-3.3,0.549,3.007,3.432,0.66,0.66,2.216,2.044,100.0,92.23826714801443
SNL_18650_LFP_25C_40-60_0.5-0.5C_a,snl,"19,175.00",graphite,LFP,A123,50,25,40,60,0.5,0.5,1.1,18650,2017-08-09 21:12:58.726636,2017-08-09 22:08:59.477686,220494.477,-0.551,0.549,3.239,3.365,0.22,0.22,0.735,0.716,100.0,97.41496598639455
SNL_18650_LFP_25C_40-60_0.5-0.5C_a,snl,"19,175.00",graphite,LFP,A123,100,25,40,60,0.5,0.5,1.1,18650,2017-08-11 21:33:38.078825,2017-08-11 22:29:38.964120,394533.964,-0.55,0.549,3.245,3.375,0.22,0.22,0.736,0.717,100.0,97.41847826086956
SNL_18650_LFP_25C_40-60_0.5-0.5C_a,snl,"19,175.00",graphite,LFP,A123,150,25,40,60,0.5,0.5,1.1,18650,2017-08-13 21:54:19.219095,2017-08-13 22:50:19.981294,568574.981,-0.55,0.549,3.249,3.395,0.22,0.22,0.737,0.718,100.0,97.42198100407056
SNL_18650_LFP_25C_40-60_0.5-0.5C_a,snl,"19,175.00",graphite,LFP,A123,200,25,40,60,0.5,0.5,1.1,18650,2017-08-15 22:15:00.410495,2017-08-15 23:11:01.300625,742616.3,-0.55,0.549,3.253,3.402,0.22,0.22,0.74,0.72,100.0,97.29729729729729
SNL_18650_LFP_25C_40-60_0.5-0.5C_a,snl,"19,175.00",graphite,LFP,A123,250,25,40,60,0.5,0.5,1.1,18650,2017-08-17 22:35:43.846231,2017-08-17 23:31:44.559157,916659.559,-0.55,0.549,3.256,3.411,0.22,0.22,0.742,0.723,100.0,97.43935309973045
SNL_18650_LFP_25C_40-60_0.5-0.5C_a,snl,"19,175.00",graphite,LFP,A123,300,25,40,60,0.5,0.5,1.1,18650,2017-08-19 22:56:30.305220,2017-08-19 23:52:31.133045,1090706.133,-0.55,0.549,3.265,3.427,0.22,0.22,0.745,0.724,100.0,97.18120805369126
SNL_18650_LFP_25C_40-60_0.5-0.5C_a,snl,"19,175.00",graphite,LFP,A123,350,25,40,60,0.5,0.5,1.1,18650,2017-08-21 23:17:18.333606,2017-08-22 00:13:19.084013,1264754.084,-0.55,0.549,3.275,3.482,0.22,0.22,0.746,0.725,100.0,97.18498659517427
SNL_18650_LFP_25C_40-60_0.5-0.5C_a,snl,"19,175.00",graphite,LFP,A123,400,25,40,60,0.5,0.5,1.1,18650,2017-08-24 04:28:15.677155,2017-08-24 05:14:20.379114,1423623.413,-0.55,0.549,3.233,3.355,0.173,0.175,0.58,0.569,101.15606936416187,98.10344827586206
SNL_18650_LFP_25C_40-60_0.5-0.5C_a,snl,"19,175.00",graphite,LFP,A123,450,25,40,60,0.5,0.5,1.1,18650,2017-08-25 19:11:54.768599,2017-08-25 19:55:27.762333,1562890.796,-0.551,0.548,3.233,3.355,0.162,0.163,0.541,0.532,100.61728395061729,98.33641404805915
SNL_18650_LFP_25C_40-60_0.5-0.5C_a,snl,"19,175.00",graphite,LFP,A123,500,25,40,60,0.5,0.5,1.1,18650,2017-08-27 08:40:57.627820,2017-08-27 09:23:29.836208,1697772.87,-0.55,0.548,3.233,3.355,0.157,0.158,0.526,0.516,100.63694267515923,98.09885931558935
SNL_18650_LFP_25C_40-60_0.5-3C_a,snl,"12,628.00",graphite,LFP,A123,50,25,40,60,0.5,3.0,1.1,18650,2017-08-09 05:12:30.160795,2017-08-09 05:48:31.024533,161839.024,-3.3,0.549,3.053,3.354,0.22,0.22,0.733,0.681,100.0,92.90586630286495
SNL_18650_LFP_25C_40-60_0.5-3C_a,snl,"12,628.00",graphite,LFP,A123,100,25,40,60,0.5,3.0,1.1,18650,2017-08-10 12:53:13.610478,2017-08-10 13:29:14.447735,275882.447,-3.3,0.549,3.049,3.353,0.22,0.22,0.733,0.681,100.0,92.90586630286495
SNL_18650_LFP_25C_40-60_0.5-3C_a,snl,"12,628.00",graphite,LFP,A123,150,25,40,60,0.5,3.0,1.1,18650,2017-08-11 20:33:55.982874,2017-08-11 21:09:56.871913,389924.871,-3.3,0.549,3.046,3.353,0.22,0.22,0.733,0.681,100.0,92.90586630286495
SNL_18650_LFP_25C_40-60_0.5-3C_a,snl,"12,628.00",graphite,LFP,A123,200,25,40,60,0.5,3.0,1.1,18650,2017-08-13 04:14:42.535004,2017-08-13 04:50:43.424662,503971.424,-3.3,0.549,3.043,3.353,0.22,0.22,0.733,0.68,100.0,92.76944065484312
SNL_18650_LFP_25C_40-60_0.5-3C_a,snl,"12,628.00",graphite,LFP,A123,250,25,40,60,0.5,3.0,1.1,18650,2017-08-14 11:55:28.305345,2017-08-14 12:31:29.144863,618017.144,-3.3,0.549,3.04,3.352,0.22,0.22,0.733,0.68,100.0,92.76944065484312
SNL_18650_LFP_25C_40-60_0.5-3C_a,snl,"12,628.00",graphite,LFP,A123,300,25,40,60,0.5,3.0,1.1,18650,2017-08-15 19:36:14.564092,2017-08-15 20:12:15.340635,732063.34,-3.3,0.549,3.035,3.352,0.22,0.22,0.732,0.679,100.0,92.75956284153007
SNL_18650_LFP_25C_40-60_0.5-3C_a,snl,"12,628.00",graphite,LFP,A123,350,25,40,60,0.5,3.0,1.1,18650,2017-08-17 03:17:05.550970,2017-08-17 03:53:06.692160,846114.692,-3.3,0.549,3.031,3.352,0.22,0.22,0.732,0.679,100.0,92.75956284153007
SNL_18650_LFP_25C_40-60_0.5-3C_a,snl,"12,628.00",graphite,LFP,A123,400,25,40,60,0.5,3.0,1.1,18650,2017-08-18 10:57:56.490794,2017-08-18 11:33:57.516134,960165.516,-3.3,0.549,3.013,3.354,0.22,0.22,0.732,0.675,100.0,92.21311475409837
SNL_18650_LFP_25C_40-60_0.5-3C_a,snl,"12,628.00",graphite,LFP,A123,450,25,40,60,0.5,3.0,1.1,18650,2017-08-19 18:38:45.720965,2017-08-19 19:14:46.606806,1074214.606,-3.3,0.549,3.011,3.353,0.22,0.22,0.732,0.675,100.0,92.21311475409837
SNL_18650_LFP_25C_40-60_0.5-3C_a,snl,"12,628.00",graphite,LFP,A123,500,25,40,60,0.5,3.0,1.1,18650,2017-08-21 02:19:36.713380,2017-08-21 02:55:37.763732,1188265.763,-3.3,0.549,3.003,3.354,0.22,0.22,0.732,0.674,100.0,92.07650273224046
SNL_18650_LFP_35C_0-100_0.5-1C_a,snl,"3,156.00",graphite,LFP,A123,50,35,0,100,0.5,1.0,1.1,18650,2018-03-06 07:39:02.357668,2018-03-06 10:48:43.016508,596596.694,-1.1,0.55,1.994,3.6,1.064,1.064,3.563,3.376,100.0,94.75161380858826
SNL_18650_LFP_35C_0-100_0.5-1C_a,snl,"3,156.00",graphite,LFP,A123,100,35,0,100,0.5,1.0,1.1,18650,2018-03-12 21:05:14.863200,2018-03-13 00:13:27.300904,1163280.978,-1.099,0.55,1.994,3.6,1.058,1.058,3.542,3.357,100.0,94.77696216826654
SNL_18650_LFP_35C_0-100_0.5-1C_a,snl,"3,156.00",graphite,LFP,A123,150,35,0,100,0.5,1.0,1.1,18650,2018-03-19 09:25:38.941404,2018-03-19 12:32:38.763164,1726032.441,-1.1,0.55,1.995,3.6,1.053,1.053,3.525,3.341,100.0,94.78014184397165
SNL_18650_LFP_35C_0-100_0.5-1C_a,snl,"3,156.00",graphite,LFP,A123,200,35,0,100,0.5,1.0,1.1,18650,2018-03-25 20:50:18.987172,2018-03-25 23:56:19.128592,2285452.806,-1.099,0.55,1.994,3.6,1.049,1.048,3.509,3.327,99.90467111534797,94.81333713308635
SNL_18650_LFP_35C_0-100_0.5-1C_a,snl,"3,156.00",graphite,LFP,A123,250,35,0,100,0.5,1.0,1.1,18650,2018-04-01 07:31:56.914540,2018-04-01 10:37:10.308996,2842303.986,-1.1,0.55,1.996,3.6,1.045,1.044,3.496,3.315,99.9043062200957,94.82265446224257
SNL_18650_LFP_35C_0-100_0.5-1C_a,snl,"3,156.00",graphite,LFP,A123,300,35,0,100,0.5,1.0,1.1,18650,2018-05-13 00:18:45.147024,2018-05-13 03:24:36.541560,3417082.229,-1.1,0.55,1.995,3.6,1.047,1.047,3.503,3.323,100.0,94.86154724521838
SNL_18650_LFP_35C_0-100_0.5-1C_a,snl,"3,156.00",graphite,LFP,A123,350,35,0,100,0.5,1.0,1.1,18650,2018-05-19 09:35:30.699816,2018-05-19 12:37:19.626756,3968645.314,-1.1,0.549,1.994,3.6,1.023,1.024,3.423,3.249,100.09775171065493,94.91673970201578
SNL_18650_LFP_35C_0-100_0.5-1C_a,snl,"3,156.00",graphite,LFP,A123,400,35,0,100,0.5,1.0,1.1,18650,2018-05-25 16:40:00.263692,2018-05-25 19:40:41.504748,4512447.192,-1.1,0.55,1.995,3.6,1.017,1.017,3.402,3.23,100.0,94.94415049970605
SNL_18650_LFP_35C_0-100_0.5-1C_a,snl,"3,156.00",graphite,LFP,A123,450,35,0,100,0.5,1.0,1.1,18650,2018-05-31 23:20:26.007852,2018-06-01 02:21:12.614336,5054878.302,-1.099,0.55,1.995,3.6,1.019,1.019,3.409,3.232,100.0,94.80786154297449
SNL_18650_LFP_35C_0-100_0.5-1C_a,snl,"3,156.00",graphite,LFP,A123,500,35,0,100,0.5,1.0,1.1,18650,2018-06-07 05:51:40.463880,2018-06-07 08:52:08.184540,5596733.872,-1.1,0.55,1.995,3.6,1.018,1.018,3.405,3.229,100.0,94.83113069016153
SNL_18650_LFP_35C_0-100_0.5-2C_a,snl,"3,856.00",graphite,LFP,A123,50,35,0,100,0.5,2.0,1.1,18650,2018-03-05 05:27:08.230416,2018-03-05 08:03:40.690160,500140.35,-2.2,0.55,1.989,3.6,1.051,1.051,3.519,3.24,100.0,92.07161125319693
SNL_18650_LFP_35C_0-100_0.5-2C_a,snl,"3,856.00",graphite,LFP,A123,100,35,0,100,0.5,2.0,1.1,18650,2018-03-10 15:31:40.940348,2018-03-10 18:07:21.010320,968360.67,-2.2,0.55,1.987,3.6,1.047,1.046,3.501,3.226,99.90448901623688,92.14510139960012
SNL_18650_LFP_35C_0-100_0.5-2C_a,snl,"3,856.00",graphite,LFP,A123,150,35,0,100,0.5,2.0,1.1,18650,2018-03-16 00:58:02.286544,2018-03-16 03:33:02.191392,1434301.851,-2.2,0.549,1.987,3.6,1.042,1.042,3.487,3.214,100.0,92.17092056208776
SNL_18650_LFP_35C_0-100_0.5-2C_a,snl,"3,856.00",graphite,LFP,A123,200,35,0,100,0.5,2.0,1.1,18650,2018-03-21 09:52:52.982476,2018-03-21 12:27:16.872408,1898356.532,-2.2,0.549,1.988,3.6,1.039,1.039,3.473,3.203,100.0,92.22574143391881
SNL_18650_LFP_35C_0-100_0.5-2C_a,snl,"3,856.00",graphite,LFP,A123,250,35,0,100,0.5,2.0,1.1,18650,2018-03-26 18:19:24.718444,2018-03-26 20:53:17.043120,2360716.703,-2.2,0.55,1.988,3.6,1.035,1.035,3.462,3.193,100.0,92.22992489890235
SNL_18650_LFP_35C_0-100_0.5-2C_a,snl,"3,856.00",graphite,LFP,A123,300,35,0,100,0.5,2.0,1.1,18650,2018-05-13 06:06:04.479248,2018-05-13 08:40:23.637048,2852016.278,-2.2,0.549,1.987,3.6,1.039,1.039,3.474,3.206,100.0,92.28554979850317
SNL_18650_LFP_35C_0-100_0.5-2C_a,snl,"3,856.00",graphite,LFP,A123,350,35,0,100,0.5,2.0,1.1,18650,2018-05-18 12:44:46.009176,2018-05-18 15:15:52.883572,3307745.524,-2.2,0.55,1.989,3.6,1.016,1.016,3.398,3.132,100.0,92.17186580341378
SNL_18650_LFP_35C_0-100_0.5-2C_a,snl,"3,856.00",graphite,LFP,A123,400,35,0,100,0.5,2.0,1.1,18650,2018-05-23 18:40:16.346868,2018-05-23 21:11:17.286292,3761069.927,-2.2,0.55,1.991,3.6,1.016,1.016,3.396,3.132,100.0,92.22614840989401
SNL_18650_LFP_35C_0-100_0.5-2C_a,snl,"3,856.00",graphite,LFP,A123,450,35,0,100,0.5,2.0,1.1,18650,2018-05-29 00:25:02.992368,2018-05-29 02:55:47.244132,4213739.885,-2.2,0.55,1.989,3.6,1.014,1.014,3.39,3.124,100.0,92.15339233038348
SNL_18650_LFP_35C_0-100_0.5-2C_a,snl,"3,856.00",graphite,LFP,A123,500,35,0,100,0.5,2.0,1.1,18650,2018-06-03 05:38:25.738612,2018-06-03 08:08:17.022032,4664489.663,-2.2,0.55,1.988,3.6,1.008,1.008,3.368,3.107,100.0,92.25059382422803
SNL_18650_NCA_15C_0-100_0.5-1C_a,snl,522,graphite,NCA,Pan,50,15,0,100,0.5,1.0,3.2,18650,2018-02-07 19:17:29.979559,2018-02-07 22:11:42.028154,561997.028,-3.25,1.624,2.499,4.2,2.757,2.756,10.798,9.041,99.96372869060572,83.72846823485831
SNL_18650_NCA_15C_0-100_0.5-1C_a,snl,522,graphite,NCA,Pan,100,15,0,100,0.5,1.0,3.2,18650,2018-02-13 18:49:51.839191,2018-02-13 21:35:48.931330,1078243.931,-3.25,1.624,2.499,4.2,2.616,2.615,10.283,8.52,99.96177370030581,82.85519789944568
SNL_18650_NCA_15C_0-100_0.5-1C_a,snl,522,graphite,NCA,Pan,150,15,0,100,0.5,1.0,3.2,18650,2018-02-19 11:53:20.367662,2018-02-19 14:32:30.971146,1571245.971,-3.25,1.625,2.499,4.2,2.499,2.499,9.848,8.096,100.0,82.20958570268074
SNL_18650_NCA_15C_0-100_0.5-1C_a,snl,522,graphite,NCA,Pan,200,15,0,100,0.5,1.0,3.2,18650,2018-02-24 23:58:34.789207,2018-02-25 02:32:45.455105,2046460.455,-3.25,1.624,2.499,4.2,2.412,2.412,9.524,7.777,100.0,81.65686686266275
SNL_18650_NCA_15C_0-100_0.5-1C_a,snl,522,graphite,NCA,Pan,250,15,0,100,0.5,1.0,3.2,18650,2018-03-02 08:43:39.373007,2018-03-02 11:14:23.353748,2509758.353,-3.25,1.625,2.499,4.2,2.354,2.349,9.31,7.532,99.78759558198811,80.90225563909775
SNL_18650_NCA_15C_0-100_0.5-1C_a,snl,522,graphite,NCA,Pan,300,15,0,100,0.5,1.0,3.2,18650,2018-03-13 05:02:10.211031,2018-03-13 07:32:06.873948,2986122.897,-3.25,1.625,2.499,4.2,2.338,2.34,9.258,7.49,100.08554319931564,80.90300280838196
SNL_18650_NCA_15C_0-100_0.5-1C_a,snl,522,graphite,NCA,Pan,350,15,0,100,0.5,1.0,3.2,18650,2018-03-18 10:12:49.913705,2018-03-18 12:39:40.576397,3436576.599,-3.25,1.625,2.499,4.2,2.283,2.285,9.053,7.297,100.08760402978538,80.60311498950622
SNL_18650_NCA_15C_0-100_0.5-1C_a,snl,522,graphite,NCA,Pan,400,15,0,100,0.5,1.0,3.2,18650,2018-03-27 16:12:03.843192,2018-03-27 18:38:08.912320,3902263.743,-3.25,1.625,2.499,4.2,2.273,2.274,9.023,7.23,100.04399472063352,80.128560345783
SNL_18650_NCA_15C_0-100_0.5-1C_a,snl,522,graphite,NCA,Pan,450,15,0,100,0.5,1.0,3.2,18650,2018-04-01 18:02:21.832387,2018-04-01 20:25:23.903501,4340698.735,-3.25,1.625,2.499,4.2,2.219,2.218,8.819,7.039,99.95493465525011,79.81630570359451
SNL_18650_NCA_15C_0-100_0.5-1C_a,snl,522,graphite,NCA,Pan,500,15,0,100,0.5,1.0,3.2,18650,2018-04-06 18:04:16.569475,2018-04-06 20:25:18.430334,4772693.261,-3.25,1.625,2.499,4.2,2.183,2.186,8.688,6.918,100.13742556115437,79.62707182320442
SNL_18650_NCA_15C_0-100_0.5-2C_a,snl,916,graphite,NCA,Pan,50,15,0,100,0.5,2.0,3.2,18650,2018-02-06 23:37:39.896203,2018-02-07 02:08:09.841930,489502.841,-6.501,1.625,2.499,4.2,2.731,2.73,10.708,8.17,99.96338337605273,76.29809488233097
SNL_18650_NCA_15C_0-100_0.5-2C_a,snl,916,graphite,NCA,Pan,100,15,0,100,0.5,2.0,3.2,18650,2018-02-12 02:52:13.584042,2018-02-12 05:13:46.516185,932639.516,-6.501,1.625,2.499,4.2,2.54,2.543,10.006,7.564,100.11811023622047,75.59464321407155
SNL_18650_NCA_15C_0-100_0.5-2C_a,snl,916,graphite,NCA,Pan,150,15,0,100,0.5,2.0,3.2,18650,2018-02-17 00:05:47.328839,2018-02-17 02:22:11.813819,1354344.813,-6.501,1.625,2.499,4.2,2.427,2.427,9.592,7.181,100.0,74.86447039199332
SNL_18650_NCA_15C_0-100_0.5-2C_a,snl,916,graphite,NCA,Pan,200,15,0,100,0.5,2.0,3.2,18650,2018-02-21 17:21:16.348067,2018-02-21 19:32:54.042400,1761787.042,-6.501,1.625,2.499,4.2,2.33,2.328,9.233,6.853,99.91416309012875,74.22289613343442
SNL_18650_NCA_15C_0-100_0.5-2C_a,snl,916,graphite,NCA,Pan,250,15,0,100,0.5,2.0,3.2,18650,2018-02-26 07:50:00.203193,2018-02-26 09:59:17.746910,2159370.746,-6.501,1.625,2.499,4.201,2.272,2.272,9.022,6.653,100.0,73.7419640877854
SNL_18650_NCA_15C_0-100_0.5-2C_a,snl,916,graphite,NCA,Pan,300,15,0,100,0.5,2.0,3.2,18650,2018-03-12 20:10:54.696135,2018-03-12 22:19:19.192436,2584510.824,-6.501,1.625,2.499,4.2,2.252,2.253,8.952,6.562,100.04440497335703,73.30205540661305
SNL_18650_NCA_15C_0-100_0.5-2C_a,snl,916,graphite,NCA,Pan,350,15,0,100,0.5,2.0,3.2,18650,2018-03-17 06:23:58.804070,2018-03-17 08:28:09.065630,2966640.697,-6.501,1.625,2.499,4.201,2.158,2.156,8.606,6.25,99.90732159406859,72.62375087148502
SNL_18650_NCA_15C_0-100_0.5-2C_a,snl,916,graphite,NCA,Pan,400,15,0,100,0.5,2.0,3.2,18650,2018-03-27 18:22:26.983570,2018-03-27 20:24:07.837298,3377537.634,-6.501,1.625,2.499,4.201,2.194,2.194,8.728,6.315,100.0,72.35334555453713
SNL_18650_NCA_15C_0-100_0.5-2C_a,snl,916,graphite,NCA,Pan,450,15,0,100,0.5,2.0,3.2,18650,2018-04-01 00:04:07.637559,2018-04-01 02:02:30.610724,3743440.407,-6.501,1.625,2.499,4.201,2.117,2.122,8.436,6.096,100.2361832782239,72.26173541963016
SNL_18650_NCA_15C_0-100_0.5-2C_a,snl,916,graphite,NCA,Pan,500,15,0,100,0.5,2.0,3.2,18650,2018-04-05 02:58:28.691494,2018-04-05 04:53:18.869156,4099288.666,-6.501,1.625,2.499,4.201,2.043,2.041,8.161,5.825,99.90210474791972,71.37605685577748
SNL_18650_NCA_25C_0-100_0.5-0.5C_a,snl,513,graphite,NCA,Pan,50,25,0,100,0.5,0.5,3.2,18650,2017-07-24 21:23:34.652499,2017-07-25 01:27:00.267837,714861.189,-1.625,1.625,2.499,4.2,2.956,2.952,11.45,10.367,99.86468200270636,90.54148471615721
SNL_18650_NCA_25C_0-100_0.5-0.5C_a,snl,513,graphite,NCA,Pan,100,25,0,100,0.5,0.5,3.2,18650,2017-08-15 01:38:55.082376,2017-08-15 05:36:55.210078,2540143.587,-1.625,1.625,2.499,4.2,2.902,2.901,11.242,10.196,99.96554100620261,90.69560576409891
SNL_18650_NCA_25C_0-100_0.5-0.5C_a,snl,513,graphite,NCA,Pan,150,25,0,100,0.5,0.5,3.2,18650,2017-08-23 07:08:56.948209,2017-08-23 11:00:04.512343,3250732.889,-1.625,1.624,2.499,4.2,2.817,2.817,10.954,9.817,100.0,89.62023005294868
SNL_18650_NCA_25C_0-100_0.5-0.5C_a,snl,513,graphite,NCA,Pan,200,25,0,100,0.5,0.5,3.2,18650,2017-08-31 07:55:21.366787,2017-08-31 11:41:54.816803,3944443.193,-1.625,1.625,2.499,4.2,2.756,2.753,10.733,9.561,99.8911465892598,89.08040622379576
SNL_18650_NCA_25C_0-100_0.5-0.5C_a,snl,513,graphite,NCA,Pan,250,25,0,100,0.5,0.5,3.2,18650,2017-09-08 03:40:45.555566,2017-09-08 07:20:45.732014,4619974.109,-1.625,1.625,2.499,4.2,2.67,2.668,10.422,9.228,99.9250936329588,88.54346574553827
SNL_18650_NCA_25C_0-100_0.5-0.5C_a,snl,513,graphite,NCA,Pan,300,25,0,100,0.5,0.5,3.2,18650,2017-09-15 17:52:29.042475,2017-09-15 21:24:17.375918,5275385.753,-1.625,1.625,2.499,4.2,2.569,2.566,10.072,8.813,99.88322304398598,87.50000000000001
SNL_18650_NCA_25C_0-100_0.5-0.5C_a,snl,513,graphite,NCA,Pan,350,25,0,100,0.5,0.5,3.2,18650,2017-09-23 05:19:27.260753,2017-09-23 08:53:16.546888,5921524.924,-1.625,1.625,2.499,4.2,2.585,2.583,10.113,8.921,99.92263056092844,88.21319094235143
SNL_18650_NCA_25C_0-100_0.5-0.5C_a,snl,513,graphite,NCA,Pan,400,25,0,100,0.5,0.5,3.2,18650,2017-09-30 13:45:24.167059,2017-09-30 17:10:31.511914,6556159.889,-1.625,1.625,2.499,4.2,2.476,2.473,9.716,8.491,99.87883683360258,87.39193083573488
SNL_18650_NCA_25C_0-100_0.5-0.5C_a,snl,513,graphite,NCA,Pan,450,25,0,100,0.5,0.5,3.2,18650,2017-10-07 14:39:47.690541,2017-10-07 17:56:04.811559,7163693.188,-1.625,1.625,2.499,4.2,2.361,2.359,9.295,8.057,99.91529013130028,86.68101129639592
SNL_18650_NCA_25C_0-100_0.5-0.5C_a,snl,513,graphite,NCA,Pan,500,25,0,100,0.5,0.5,3.2,18650,2017-10-14 08:34:19.410989,2017-10-14 11:41:15.598892,7746003.976,-1.625,1.625,2.499,4.2,2.237,2.232,8.829,7.593,99.77648636566832,86.00067957866122
SNL_18650_NCA_25C_0-100_0.5-1C_a,snl,654,graphite,NCA,Pan,50,25,0,100,0.5,1.0,3.2,18650,2018-05-17 06:09:16.326787,2018-05-17 09:15:31.940416,599682.94,-3.25,1.625,2.499,4.2,2.945,2.943,11.41,10.005,99.93208828522921,87.68624014022788
SNL_18650_NCA_25C_0-100_0.5-1C_a,snl,654,graphite,NCA,Pan,100,25,0,100,0.5,1.0,3.2,18650,2018-05-23 17:14:22.507246,2018-05-23 20:16:35.816837,1157746.816,-3.25,1.625,2.499,4.2,2.871,2.87,11.142,9.728,99.96516893068618,87.3092802010411
SNL_18650_NCA_25C_0-100_0.5-1C_a,snl,654,graphite,NCA,Pan,150,25,0,100,0.5,1.0,3.2,18650,2018-05-30 01:06:02.554022,2018-05-30 04:03:59.161799,1704190.161,-3.25,1.624,2.499,4.2,2.797,2.794,10.878,9.416,99.89274222381123,86.56002941717227
SNL_18650_NCA_25C_0-100_0.5-1C_a,snl,654,graphite,NCA,Pan,200,25,0,100,0.5,1.0,3.2,18650,2018-06-05 05:18:13.480216,2018-06-05 08:11:54.877379,2237465.877,-3.25,1.624,2.499,4.2,2.722,2.719,10.609,9.114,99.88978692138133,85.90819115845038
SNL_18650_NCA_25C_0-100_0.5-1C_a,snl,654,graphite,NCA,Pan,250,25,0,100,0.5,1.0,3.2,18650,2018-06-11 06:05:26.510724,2018-06-11 08:55:13.849189,2758464.849,-3.25,1.624,2.499,4.2,2.653,2.653,10.362,8.851,100.0,85.41787299749085
SNL_18650_NCA_25C_0-100_0.5-1C_a,snl,654,graphite,NCA,Pan,300,25,0,100,0.5,1.0,3.2,18650,2018-07-17 18:20:09.392980,2018-07-17 21:12:55.874982,3301055.76,-3.25,1.624,2.499,4.2,2.702,2.701,10.538,9.024,99.96299037749814,85.63294742835451
SNL_18650_NCA_25C_0-100_0.5-1C_a,snl,654,graphite,NCA,Pan,350,25,0,100,0.5,1.0,3.2,18650,2018-07-23 17:40:22.953950,2018-07-23 20:27:26.535951,3816726.421,-3.25,1.624,2.499,4.2,2.604,2.603,10.188,8.641,99.96159754224271,84.81546917942677
SNL_18650_NCA_25C_0-100_0.5-1C_a,snl,654,graphite,NCA,Pan,400,25,0,100,0.5,1.0,3.2,18650,2018-08-04 22:09:32.220101,2018-08-05 00:57:22.005547,4344675.638,-3.249,1.624,2.499,4.2,2.616,2.615,10.235,8.674,99.96177370030581,84.74841231069858
SNL_18650_NCA_25C_0-100_0.5-1C_a,snl,654,graphite,NCA,Pan,450,25,0,100,0.5,1.0,3.2,18650,2018-08-10 17:05:46.050531,2018-08-10 19:47:28.604337,4844482.237,-3.25,1.625,2.499,4.2,2.513,2.511,9.866,8.27,99.92041384799046,83.82323129941213
SNL_18650_NCA_25C_0-100_0.5-1C_a,snl,654,graphite,NCA,Pan,500,25,0,100,0.5,1.0,3.2,18650,2018-08-16 08:06:07.397252,2018-08-16 10:43:58.909595,5330272.542,-3.249,1.624,2.499,4.2,2.447,2.446,9.627,8.022,99.95913363302003,83.32813960735432
SNL_18650_NCA_25C_0-100_0.5-2C_a,snl,786,graphite,NCA,Pan,50,25,0,100,0.5,2.0,3.2,18650,2018-05-17 15:47:32.087704,2018-05-17 18:32:09.324447,539891.324,-6.503,1.621,2.499,4.2,2.964,2.965,11.481,9.432,100.03373819163292,82.15312255030051
SNL_18650_NCA_25C_0-100_0.5-2C_a,snl,786,graphite,NCA,Pan,100,25,0,100,0.5,2.0,3.2,18650,2018-05-23 12:48:06.086671,2018-05-23 15:32:47.466199,1047529.466,-6.503,1.621,2.498,4.2,2.839,2.838,11.028,8.989,99.96477632969356,81.51070003627132
SNL_18650_NCA_25C_0-100_0.5-2C_a,snl,786,graphite,NCA,Pan,150,25,0,100,0.5,2.0,3.2,18650,2018-05-29 05:11:39.409458,2018-05-29 07:50:38.464388,1538200.464,-6.503,1.62,2.498,4.2,2.716,2.722,10.584,8.595,100.22091310751105,81.20748299319729
SNL_18650_NCA_25C_0-100_0.5-2C_a,snl,786,graphite,NCA,Pan,200,25,0,100,0.5,2.0,3.2,18650,2018-06-03 17:41:24.284606,2018-06-03 20:17:14.156221,2014996.156,-6.503,1.621,2.498,4.2,2.647,2.668,10.337,8.372,100.79335096335475,80.99061623294959
SNL_18650_NCA_25C_0-100_0.5-2C_a,snl,786,graphite,NCA,Pan,250,25,0,100,0.5,2.0,3.2,18650,2018-06-09 03:42:04.528081,2018-06-09 06:14:15.689415,2482817.689,-6.503,1.621,2.498,4.2,2.573,2.575,10.07,8.065,100.07773027594249,80.08937437934458
SNL_18650_NCA_25C_0-100_0.5-2C_a,snl,786,graphite,NCA,Pan,300,25,0,100,0.5,2.0,3.2,18650,2018-06-24 23:31:01.796359,2018-06-25 01:58:50.350334,2962768.178,-6.503,1.621,2.499,4.2,2.629,2.63,10.268,8.189,100.038037276531,79.75262952863264
SNL_18650_NCA_25C_0-100_0.5-2C_a,snl,786,graphite,NCA,Pan,350,25,0,100,0.5,2.0,3.2,18650,2018-06-30 02:07:32.525430,2018-06-30 04:30:28.594159,3403866.422,-6.503,1.62,2.499,4.2,2.533,2.534,9.925,7.852,100.03947887879986,79.11335012594458
SNL_18650_NCA_25C_0-100_0.5-2C_a,snl,786,graphite,NCA,Pan,400,25,0,100,0.5,2.0,3.2,18650,2018-07-13 17:21:35.036313,2018-07-13 19:42:08.578252,3869192.362,-6.502,1.62,2.499,4.2,2.539,2.539,9.939,7.832,100.0,78.8006841734581
SNL_18650_NCA_25C_0-100_0.5-2C_a,snl,786,graphite,NCA,Pan,450,25,0,100,0.5,2.0,3.2,18650,2018-07-18 13:32:09.810812,2018-07-18 15:48:30.977374,4287174.761,-6.502,1.62,2.499,4.2,2.433,2.434,9.564,7.461,100.04110152075629,78.01129234629862
SNL_18650_NCA_25C_0-100_0.5-2C_a,snl,786,graphite,NCA,Pan,500,25,0,100,0.5,2.0,3.2,18650,2018-07-23 07:23:22.838106,2018-07-23 09:35:56.475643,4696820.259,-6.502,1.62,2.499,4.2,2.348,2.352,9.257,7.181,100.17035775127769,77.57372798962948
SNL_18650_NCA_25C_20-80_0.5-0.5C_a,snl,"1,160.00",graphite,NCA,Pan,50,25,20,80,0.5,0.5,3.2,18650,2017-07-30 10:48:14.971132,2017-07-30 13:26:50.077374,509551.077,-1.625,1.625,2.7,3.98,2.013,2.01,7.488,6.825,99.85096870342771,91.14583333333333
SNL_18650_NCA_25C_20-80_0.5-0.5C_a,snl,"1,160.00",graphite,NCA,Pan,100,25,20,80,0.5,0.5,3.2,18650,2017-08-04 20:58:43.796204,2017-08-04 23:33:08.719540,987188.807,-1.625,1.625,2.7,3.98,1.955,1.952,7.281,6.614,99.846547314578,90.83917044362039
SNL_18650_NCA_25C_20-80_0.5-0.5C_a,snl,"1,160.00",graphite,NCA,Pan,150,25,20,80,0.5,0.5,3.2,18650,2017-08-10 04:30:38.989769,2017-08-10 07:01:49.153761,1454982.425,-1.625,1.625,2.7,3.98,1.91,1.909,7.122,6.451,99.9476439790576,90.57848918843021
SNL_18650_NCA_25C_20-80_0.5-0.5C_a,snl,"1,160.00",graphite,NCA,Pan,200,25,20,80,0.5,0.5,3.2,18650,2017-08-15 04:49:56.840801,2017-08-15 07:17:00.151597,1869389.668,-1.625,1.624,2.7,3.98,1.882,1.882,7.021,6.351,100.0,90.45719982908417
SNL_18650_NCA_25C_20-80_0.5-0.5C_a,snl,"1,160.00",graphite,NCA,Pan,250,25,20,80,0.5,0.5,3.2,18650,2017-08-20 08:02:05.325795,2017-08-20 10:26:40.186767,2312769.703,-1.625,1.624,2.7,3.98,1.85,1.848,6.901,6.23,99.89189189189189,90.27677148239387
SNL_18650_NCA_25C_20-80_0.5-0.5C_a,snl,"1,160.00",graphite,NCA,Pan,300,25,20,80,0.5,0.5,3.2,18650,2017-08-25 08:58:32.726617,2017-08-25 11:20:05.475994,2747974.992,-1.625,1.624,2.7,3.98,1.808,1.807,6.754,6.079,99.94469026548673,90.00592241634587
SNL_18650_NCA_25C_20-80_0.5-0.5C_a,snl,"1,160.00",graphite,NCA,Pan,350,25,20,80,0.5,0.5,3.2,18650,2017-08-30 07:59:16.147077,2017-08-30 10:19:02.651430,3176312.168,-1.625,1.624,2.7,3.98,1.784,1.783,6.666,5.998,99.9439461883408,89.97899789978999
SNL_18650_NCA_25C_20-80_0.5-0.5C_a,snl,"1,160.00",graphite,NCA,Pan,400,25,20,80,0.5,0.5,3.2,18650,2017-09-04 04:43:41.871560,2017-09-04 07:00:36.658998,3596406.175,-1.625,1.624,2.699,3.98,1.746,1.745,6.528,5.86,99.94272623138603,89.76715686274511
SNL_18650_NCA_25C_20-80_0.5-0.5C_a,snl,"1,160.00",graphite,NCA,Pan,450,25,20,80,0.5,0.5,3.2,18650,2017-09-08 23:31:38.071712,2017-09-09 01:46:19.034938,4009548.551,-1.625,1.624,2.7,3.98,1.716,1.714,6.419,5.754,99.88344988344988,89.6401308615049
SNL_18650_NCA_25C_20-80_0.5-0.5C_a,snl,"1,160.00",graphite,NCA,Pan,500,25,20,80,0.5,0.5,3.2,18650,2017-09-13 16:46:44.406747,2017-09-13 19:02:07.267330,4417296.784,-1.625,1.625,2.7,3.98,1.725,1.724,6.455,5.8,99.94202898550724,89.8528272656855
SNL_18650_NCA_25C_40-60_0.5-0.5C_a,snl,"7,878.00",graphite,NCA,Pan,50,25,40,60,0.5,0.5,3.2,18650,2017-07-13 02:08:36.660208,2017-07-13 03:06:36.926506,219771.926,-1.624,1.625,3.362,3.792,0.65,0.65,2.413,2.246,100.0,93.0791545793618
SNL_18650_NCA_25C_40-60_0.5-0.5C_a,snl,"7,878.00",graphite,NCA,Pan,100,25,40,60,0.5,0.5,3.2,18650,2017-07-15 02:29:05.155649,2017-07-15 03:27:05.675197,393800.675,-1.624,1.625,3.365,3.797,0.65,0.65,2.415,2.248,100.0,93.0848861283644
SNL_18650_NCA_25C_40-60_0.5-0.5C_a,snl,"7,878.00",graphite,NCA,Pan,150,25,40,60,0.5,0.5,3.2,18650,2017-07-18 07:32:09.091579,2017-07-18 10:18:10.211563,570251.882,-1.624,1.625,3.334,4.2,1.733,1.95,6.79,7.016,112.52163877668781,103.32842415316644
SNL_18650_NCA_25C_40-60_0.5-0.5C_a,snl,"7,878.00",graphite,NCA,Pan,200,25,40,60,0.5,0.5,3.2,18650,2017-07-20 09:40:39.813871,2017-07-20 10:38:40.276838,744281.947,-1.624,1.625,3.356,3.794,0.65,0.65,2.414,2.243,100.0,92.91632145816072
SNL_18650_NCA_25C_40-60_0.5-0.5C_a,snl,"7,878.00",graphite,NCA,Pan,250,25,40,60,0.5,0.5,3.2,18650,2017-07-22 10:01:09.599389,2017-07-22 10:59:09.976514,918311.647,-1.624,1.625,3.358,3.801,0.65,0.65,2.417,2.245,100.0,92.88374017376914
SNL_18650_NCA_25C_40-60_0.5-0.5C_a,snl,"7,878.00",graphite,NCA,Pan,300,25,40,60,0.5,0.5,3.2,18650,2017-07-24 10:21:39.771483,2017-07-24 11:19:40.231187,1092341.901,-1.624,1.625,3.348,3.82,0.65,0.65,2.43,2.238,100.0,92.09876543209876
SNL_18650_NCA_25C_40-60_0.5-0.5C_a,snl,"7,878.00",graphite,NCA,Pan,350,25,40,60,0.5,0.5,3.2,18650,2017-07-26 10:42:08.439569,2017-07-26 11:40:08.847679,1266370.518,-1.624,1.625,3.346,3.831,0.65,0.65,2.436,2.235,100.0,91.7487684729064
SNL_18650_NCA_25C_40-60_0.5-0.5C_a,snl,"7,878.00",graphite,NCA,Pan,400,25,40,60,0.5,0.5,3.2,18650,2017-07-28 11:02:36.623881,2017-07-28 12:00:37.184374,1443879.346,-1.624,1.625,3.35,3.836,0.65,0.65,2.438,2.238,100.0,91.79655455291221
SNL_18650_NCA_25C_40-60_0.5-0.5C_a,snl,"7,878.00",graphite,NCA,Pan,450,25,40,60,0.5,0.5,3.2,18650,2017-07-30 11:23:42.787477,2017-07-30 12:21:43.213096,1617945.429,-1.624,1.625,3.353,3.836,0.65,0.65,2.439,2.239,100.0,91.79991799917998
SNL_18650_NCA_25C_40-60_0.5-0.5C_a,snl,"7,878.00",graphite,NCA,Pan,500,25,40,60,0.5,0.5,3.2,18650,2017-08-01 11:44:10.122996,2017-08-01 12:42:10.551184,1791972.526,-1.624,1.625,3.354,3.843,0.65,0.65,2.442,2.24,100.0,91.72809172809173
SNL_18650_NCA_35C_0-100_0.5-1C_a,snl,515,graphite,NCA,Pan,50,35,0,100,0.5,1.0,3.2,18650,2018-03-06 17:55:26.211620,2018-03-06 21:16:56.097188,634060.61,-3.25,1.624,2.499,4.2,3.078,3.076,11.949,10.206,99.93502274204029,85.41300527240773
SNL_18650_NCA_35C_0-100_0.5-1C_a,snl,515,graphite,NCA,Pan,100,35,0,100,0.5,1.0,3.2,18650,2018-03-13 15:45:38.590216,2018-03-13 19:03:44.118368,1230868.631,-3.25,1.624,2.499,4.2,3.008,3.006,11.694,9.934,99.93351063829786,84.94954677612449
SNL_18650_NCA_35C_0-100_0.5-1C_a,snl,515,graphite,NCA,Pan,150,35,0,100,0.5,1.0,3.2,18650,2018-03-20 10:33:22.265808,2018-03-20 13:46:26.449264,1816630.962,-3.25,1.625,2.499,4.2,2.94,2.939,11.448,9.684,99.96598639455783,84.59119496855345
SNL_18650_NCA_35C_0-100_0.5-1C_a,snl,515,graphite,NCA,Pan,200,35,0,100,0.5,1.0,3.2,18650,2018-03-27 00:52:44.408160,2018-03-27 04:03:06.947292,2386431.46,-3.25,1.625,2.499,4.2,2.875,2.873,11.214,9.415,99.9304347826087,83.95755305867665
SNL_18650_NCA_35C_0-100_0.5-1C_a,snl,515,graphite,NCA,Pan,250,35,0,100,0.5,1.0,3.2,18650,2018-04-02 12:48:14.400036,2018-04-02 15:54:09.852824,2947494.365,-3.25,1.625,2.499,4.2,2.793,2.791,10.924,9.105,99.92839240959542,83.34859025997804
SNL_18650_NCA_35C_0-100_0.5-1C_a,snl,515,graphite,NCA,Pan,300,35,0,100,0.5,1.0,3.2,18650,2018-06-30 19:02:53.130660,2018-06-30 22:05:54.325548,3510597.78,-3.25,1.625,2.499,4.2,2.74,2.738,10.736,8.902,99.92700729927006,82.91728763040237
SNL_18650_NCA_35C_0-100_0.5-1C_a,snl,515,graphite,NCA,Pan,350,35,0,100,0.5,1.0,3.2,18650,2018-07-07 01:12:07.980560,2018-07-07 04:09:43.588892,4050827.044,-3.249,1.625,2.499,4.2,2.639,2.636,10.368,8.531,99.88632057597576,82.28202160493827
SNL_18650_NCA_35C_0-100_0.5-1C_a,snl,515,graphite,NCA,Pan,400,35,0,100,0.5,1.0,3.2,18650,2018-07-13 02:43:29.002000,2018-07-13 05:44:19.850320,4574903.305,-3.249,1.625,2.499,4.2,2.608,2.624,10.305,8.458,100.61349693251533,82.07666181465308
SNL_18650_NCA_35C_0-100_0.5-1C_a,snl,515,graphite,NCA,Pan,450,35,0,100,0.5,1.0,3.2,18650,2018-07-19 03:30:01.213232,2018-07-19 06:21:01.953944,5095505.409,-3.25,1.625,2.499,4.2,2.516,2.513,9.922,8.089,99.88076311605722,81.52590203587987
SNL_18650_NCA_35C_0-100_0.5-1C_a,snl,515,graphite,NCA,Pan,500,35,0,100,0.5,1.0,3.2,18650,2018-07-24 22:33:10.611400,2018-07-25 01:22:06.446868,5595969.901,-3.249,1.625,2.499,4.2,2.484,2.478,9.802,7.984,99.7584541062802,81.45276474188941
SNL_18650_NCA_35C_0-100_0.5-2C_a,snl,654,graphite,NCA,Pan,50,35,0,100,0.5,2.0,3.2,18650,2018-03-06 00:47:55.366120,2018-03-06 03:47:49.169944,571093.51,-6.5,1.624,2.499,4.2,2.924,2.922,11.397,8.93,99.93160054719563,78.35395279459506
SNL_18650_NCA_35C_0-100_0.5-2C_a,snl,654,graphite,NCA,Pan,100,35,0,100,0.5,2.0,3.2,18650,2018-03-12 05:02:13.048140,2018-03-12 07:57:52.331712,1104496.672,-6.499,1.624,2.499,4.2,2.803,2.801,10.958,8.52,99.92864787727436,77.75141449169556
SNL_18650_NCA_35C_0-100_0.5-2C_a,snl,654,graphite,NCA,Pan,150,35,0,100,0.5,2.0,3.2,18650,2018-03-18 06:04:37.696260,2018-03-18 08:59:17.229420,1626581.57,-6.5,1.624,2.499,4.2,2.799,2.803,10.941,8.525,100.14290818149338,77.91792340736679
SNL_18650_NCA_35C_0-100_0.5-2C_a,snl,654,graphite,NCA,Pan,200,35,0,100,0.5,2.0,3.2,18650,2018-03-24 05:29:35.416168,2018-03-24 08:19:42.390920,2142606.731,-6.5,1.625,2.499,4.2,2.667,2.665,10.472,8.05,99.92500937382827,76.8716577540107
SNL_18650_NCA_35C_0-100_0.5-2C_a,snl,654,graphite,NCA,Pan,250,35,0,100,0.5,2.0,3.2,18650,2018-03-30 00:50:08.538272,2018-03-30 03:36:48.190116,2644032.531,-6.499,1.625,2.499,4.2,2.575,2.582,10.139,7.759,100.27184466019416,76.52628464345597
SNL_18650_NCA_35C_0-100_0.5-2C_a,snl,654,graphite,NCA,Pan,300,35,0,100,0.5,2.0,3.2,18650,2018-06-26 05:15:26.948376,2018-06-26 07:53:52.372664,3144289.054,-6.499,1.625,2.499,4.2,2.468,2.462,9.757,7.352,99.75688816855754,75.35103002972225
SNL_18650_NCA_35C_0-100_0.5-2C_a,snl,654,graphite,NCA,Pan,350,35,0,100,0.5,2.0,3.2,18650,2018-07-01 15:40:56.902832,2018-07-01 18:16:49.011636,3613665.693,-6.499,1.624,2.499,4.2,2.399,2.411,9.504,7.197,100.50020842017506,75.7260101010101
SNL_18650_NCA_35C_0-100_0.5-2C_a,snl,654,graphite,NCA,Pan,400,35,0,100,0.5,2.0,3.2,18650,2018-07-13 20:19:55.109100,2018-07-13 23:02:24.749036,4113851.619,-6.5,1.625,2.499,4.2,2.403,2.508,9.527,7.356,104.36953807740323,77.21213393513173
SNL_18650_NCA_35C_0-100_0.5-2C_a,snl,654,graphite,NCA,Pan,450,35,0,100,0.5,2.0,3.2,18650,2018-07-19 12:57:02.138360,2018-07-19 15:39:45.034824,4605691.905,-6.499,1.625,2.499,4.2,2.363,2.353,9.374,6.992,99.57680914092256,74.5892895242159
SNL_18650_NCA_35C_0-100_0.5-2C_a,snl,654,graphite,NCA,Pan,500,35,0,100,0.5,2.0,3.2,18650,2018-07-25 03:27:23.262968,2018-07-25 06:07:08.278340,5089735.149,-6.5,1.625,2.499,4.2,2.35,2.395,9.323,7.06,101.91489361702126,75.72669741499517
SNL_18650_NMC_15C_0-100_0.5-1C_a,snl,513,graphite,NMC,LGC,50,15,0,100,0.5,1.0,3.0,18650,2018-02-07 17:26:59.268667,2018-02-07 20:16:52.798398,555025.798,-3.003,1.496,1.999,4.2,2.474,2.471,9.621,8.502,99.87873888439773,88.36919239164328
SNL_18650_NMC_15C_0-100_0.5-1C_a,snl,513,graphite,NMC,LGC,100,15,0,100,0.5,1.0,3.0,18650,2018-02-13 12:21:37.873305,2018-02-13 15:00:58.938171,1054471.938,-3.003,1.496,1.999,4.2,2.295,2.293,8.97,7.904,99.9128540305011,88.1159420289855
SNL_18650_NMC_15C_0-100_0.5-1C_a,snl,513,graphite,NMC,LGC,150,15,0,100,0.5,1.0,3.0,18650,2018-02-18 23:09:21.912722,2018-02-19 01:40:19.311144,1524832.311,-3.003,1.496,1.998,4.2,2.152,2.15,8.439,7.403,99.90706319702602,87.72366394122525
SNL_18650_NMC_15C_0-100_0.5-1C_a,snl,513,graphite,NMC,LGC,200,15,0,100,0.5,1.0,3.0,18650,2018-02-24 04:31:15.684528,2018-02-24 06:57:30.236746,1975863.236,-3.003,1.496,1.997,4.2,2.07,2.07,8.132,7.102,100.0,87.33398917855388
SNL_18650_NMC_15C_0-100_0.5-1C_a,snl,513,graphite,NMC,LGC,250,15,0,100,0.5,1.0,3.0,18650,2018-03-01 06:48:04.612443,2018-03-01 09:11:19.016988,2415892.016,-3.003,1.496,1.998,4.2,2.018,2.018,7.934,6.912,100.0,87.11872951852784
SNL_18650_NMC_15C_0-100_0.5-1C_a,snl,513,graphite,NMC,LGC,300,15,0,100,0.5,1.0,3.0,18650,2018-03-07 00:07:34.346538,2018-03-07 02:26:46.264729,2853222.609,-3.003,1.496,1.998,4.2,1.952,1.953,7.701,6.591,100.05122950819674,85.5862874951305
SNL_18650_NMC_15C_0-100_0.5-1C_a,snl,513,graphite,NMC,LGC,350,15,0,100,0.5,1.0,3.0,18650,2018-03-11 21:22:25.639129,2018-03-11 23:40:38.833925,3275255.179,-3.003,1.496,1.997,4.2,1.932,1.932,7.615,6.553,100.0,86.05384110308601
SNL_18650_NMC_15C_0-100_0.5-1C_a,snl,513,graphite,NMC,LGC,400,15,0,100,0.5,1.0,3.0,18650,2018-03-16 17:08:39.058602,2018-03-16 19:24:07.037119,3691863.382,-3.003,1.496,1.997,4.2,1.886,1.886,7.436,6.391,100.0,85.94674556213018
SNL_18650_NMC_15C_0-100_0.5-1C_a,snl,513,graphite,NMC,LGC,450,15,0,100,0.5,1.0,3.0,18650,2018-03-21 09:36:47.461076,2018-03-21 11:46:33.178557,4096409.523,-3.003,1.496,1.996,4.2,1.791,1.79,7.077,6.041,99.94416527079845,85.36102868447082
SNL_18650_NMC_15C_0-100_0.5-1C_a,snl,513,graphite,NMC,LGC,500,15,0,100,0.5,1.0,3.0,18650,2018-03-25 19:35:55.981409,2018-03-25 21:35:57.081900,4477373.426,-3.003,1.496,1.999,4.2,1.628,1.626,6.457,5.435,99.87714987714988,84.17221619947344
SNL_18650_NMC_25C_0-100_0.5-0.5C_a,snl,553,graphite,NMC,LGC,50,25,0,100,0.5,0.5,3.0,18650,2017-08-15 14:14:08.092599,2017-08-15 17:43:36.518344,723405.518,-1.501,1.499,1.999,4.2,2.397,2.394,9.659,8.066,99.87484355444307,83.50760948338338
SNL_18650_NMC_25C_0-100_0.5-0.5C_a,snl,553,graphite,NMC,LGC,100,25,0,100,0.5,0.5,3.0,18650,2017-08-23 05:45:05.163709,2017-08-23 09:45:04.182756,1385893.182,-1.5,1.499,1.998,4.2,2.664,2.659,10.249,9.685,99.8123123123123,94.49702409991218
SNL_18650_NMC_25C_0-100_0.5-0.5C_a,snl,553,graphite,NMC,LGC,150,25,0,100,0.5,0.5,3.0,18650,2017-08-31 13:22:28.041660,2017-08-31 17:17:45.732788,2104254.732,-1.5,1.499,1.998,4.2,2.603,2.599,10.03,9.495,99.84633115635805,94.66600199401795
SNL_18650_NMC_25C_0-100_0.5-0.5C_a,snl,553,graphite,NMC,LGC,200,25,0,100,0.5,0.5,3.0,18650,2017-09-08 17:33:52.653792,2017-09-08 21:22:29.134735,2810138.134,-1.5,1.499,1.998,4.2,2.556,2.552,9.872,9.329,99.8435054773083,94.49959481361428
SNL_18650_NMC_25C_0-100_0.5-0.5C_a,snl,553,graphite,NMC,LGC,250,25,0,100,0.5,0.5,3.0,18650,2017-09-22 05:35:34.207612,2017-09-22 09:23:23.388016,3493978.434,-1.5,1.499,1.997,4.2,2.523,2.52,9.752,9.214,99.88109393579072,94.48318293683346
SNL_18650_NMC_25C_0-100_0.5-0.5C_a,snl,553,graphite,NMC,LGC,300,25,0,100,0.5,0.5,3.0,18650,2017-09-30 03:58:29.832911,2017-09-30 07:43:40.565446,4179195.611,-1.5,1.499,1.999,4.2,2.498,2.495,9.663,9.121,99.8799039231385,94.39097588740557
SNL_18650_NMC_25C_0-100_0.5-0.5C_a,snl,553,graphite,NMC,LGC,350,25,0,100,0.5,0.5,3.0,18650,2017-10-08 00:24:32.551855,2017-10-08 04:07:33.614693,4857428.66,-1.5,1.499,1.999,4.2,2.474,2.471,9.578,9.037,99.87873888439773,94.35163917310506
SNL_18650_NMC_25C_0-100_0.5-0.5C_a,snl,553,graphite,NMC,LGC,400,25,0,100,0.5,0.5,3.0,18650,2017-10-15 18:47:17.082679,2017-10-15 22:27:37.348534,5528232.394,-1.5,1.499,1.999,4.2,2.446,2.443,9.477,8.932,99.8773507767784,94.24923498997573
SNL_18650_NMC_25C_0-100_0.5-0.5C_a,snl,553,graphite,NMC,LGC,450,25,0,100,0.5,0.5,3.0,18650,2017-11-13 20:22:53.750125,2017-11-13 23:59:10.825746,6188094.313,-1.5,1.499,1.998,4.2,2.409,2.406,9.351,8.784,99.87546699875467,93.93647738209818
SNL_18650_NMC_25C_0-100_0.5-0.5C_a,snl,553,graphite,NMC,LGC,500,25,0,100,0.5,0.5,3.0,18650,2017-11-21 08:09:27.759185,2017-11-21 11:38:10.639052,6834834.127,-1.5,1.5,1.998,4.201,2.336,2.333,9.1,8.484,99.87157534246577,93.23076923076924
SNL_18650_NMC_25C_0-100_0.5-1C_a,snl,521,graphite,NMC,LGC,50,25,0,100,0.5,1.0,3.0,18650,2018-07-24 10:51:28.442450,2018-07-24 14:01:48.816366,618798.816,-2.999,1.499,1.998,4.2,2.718,2.717,10.457,9.685,99.96320824135394,92.61738548340824
SNL_18650_NMC_25C_0-100_0.5-1C_a,snl,521,graphite,NMC,LGC,100,25,0,100,0.5,1.0,3.0,18650,2018-07-31 00:58:13.429426,2018-07-31 04:03:39.797344,1187709.797,-2.999,1.499,1.999,4.2,2.642,2.641,10.189,9.44,99.96214988644965,92.6489351261164
SNL_18650_NMC_25C_0-100_0.5-1C_a,snl,521,graphite,NMC,LGC,150,25,0,100,0.5,1.0,3.0,18650,2018-08-06 11:56:47.112303,2018-08-06 14:59:30.946801,1745460.946,-2.999,1.499,1.999,4.2,2.599,2.599,10.034,9.304,100.0,92.72473589794697
SNL_18650_NMC_25C_0-100_0.5-1C_a,snl,521,graphite,NMC,LGC,200,25,0,100,0.5,1.0,3.0,18650,2018-08-12 19:10:25.120657,2018-08-12 22:08:54.719694,2289624.719,-2.999,1.499,1.998,4.2,2.559,2.559,9.905,9.123,100.0,92.1049974760222
SNL_18650_NMC_25C_0-100_0.5-1C_a,snl,521,graphite,NMC,LGC,250,25,0,100,0.5,1.0,3.0,18650,2018-08-19 01:00:34.335592,2018-08-19 03:57:15.998605,2828925.998,-2.999,1.499,1.998,4.2,2.528,2.528,9.791,9.024,100.0,92.16627515064854
SNL_18650_NMC_25C_0-100_0.5-1C_a,snl,521,graphite,NMC,LGC,300,25,0,100,0.5,1.0,3.0,18650,2018-08-26 21:39:51.563443,2018-08-27 00:34:37.888273,3372351.088,-2.999,1.499,1.999,4.2,2.501,2.499,9.689,8.921,99.92003198720512,92.07348539580967
SNL_18650_NMC_25C_0-100_0.5-1C_a,snl,521,graphite,NMC,LGC,350,25,0,100,0.5,1.0,3.0,18650,2018-09-01 22:44:52.093648,2018-09-02 01:35:47.652994,3894420.853,-2.999,1.499,1.996,4.2,2.448,2.448,9.503,8.726,100.0,91.82363464169211
SNL_18650_NMC_25C_0-100_0.5-1C_a,snl,521,graphite,NMC,LGC,400,25,0,100,0.5,1.0,3.0,18650,2018-09-26 17:39:08.578238,2018-09-26 20:26:06.242782,4430397.704,-2.999,1.499,1.996,4.2,2.418,2.417,9.41,8.536,99.95864350703059,90.71200850159404
SNL_18650_NMC_25C_0-100_0.5-1C_a,snl,521,graphite,NMC,LGC,450,25,0,100,0.5,1.0,3.0,18650,2018-10-02 14:57:54.290397,2018-10-02 17:45:39.659648,4939171.12,-2.999,1.499,1.999,4.2,2.405,2.405,9.345,8.557,100.0,91.56768325307651
SNL_18650_NMC_25C_0-100_0.5-1C_a,snl,521,graphite,NMC,LGC,500,25,0,100,0.5,1.0,3.0,18650,2018-10-08 11:33:16.734984,2018-10-08 14:18:47.683255,5445159.144,-2.999,1.499,1.998,4.2,2.371,2.371,9.219,8.43,100.0,91.44158802473153
SNL_18650_NMC_25C_0-100_0.5-2C_a,snl,661,graphite,NMC,LGC,50,25,0,100,0.5,2.0,3.0,18650,2018-07-23 07:51:36.998473,2018-07-23 10:29:06.473917,519379.473,-6.001,1.499,1.996,4.2,2.682,2.684,10.358,9.024,100.07457121551082,87.12106584282678
SNL_18650_NMC_25C_0-100_0.5-2C_a,snl,661,graphite,NMC,LGC,100,25,0,100,0.5,2.0,3.0,18650,2018-07-28 18:57:41.039747,2018-07-28 21:31:08.978351,991101.978,-6.001,1.5,1.996,4.2,2.608,2.61,10.092,8.793,100.07668711656441,87.12841854934601
SNL_18650_NMC_25C_0-100_0.5-2C_a,snl,661,graphite,NMC,LGC,150,25,0,100,0.5,2.0,3.0,18650,2018-08-05 13:56:41.019662,2018-08-05 16:25:59.062046,1475344.457,-6.001,1.5,1.994,4.2,2.553,2.556,9.908,8.521,100.117508813161,86.00121114251111
SNL_18650_NMC_25C_0-100_0.5-2C_a,snl,661,graphite,NMC,LGC,200,25,0,100,0.5,2.0,3.0,18650,2018-08-10 19:01:26.708289,2018-08-10 21:28:48.206976,1925513.601,-6.001,1.5,1.998,4.2,2.517,2.52,9.776,8.394,100.11918951132301,85.8633387888707
SNL_18650_NMC_25C_0-100_0.5-2C_a,snl,661,graphite,NMC,LGC,250,25,0,100,0.5,2.0,3.0,18650,2018-08-15 22:25:12.432116,2018-08-16 00:48:21.599438,2369486.994,-6.001,1.499,1.995,4.2,2.452,2.456,9.56,7.987,100.16313213703098,83.5460251046025
SNL_18650_NMC_25C_0-100_0.5-2C_a,snl,661,graphite,NMC,LGC,300,25,0,100,0.5,2.0,3.0,18650,2018-09-02 23:21:00.795743,2018-09-03 01:43:16.832334,2832512.614,-6.001,1.499,1.995,4.2,2.434,2.437,9.492,7.921,100.12325390304025,83.44922039612305
SNL_18650_NMC_25C_0-100_0.5-2C_a,snl,661,graphite,NMC,LGC,350,25,0,100,0.5,2.0,3.0,18650,2018-09-07 22:38:55.463576,2018-09-08 00:59:34.115398,3261889.897,-6.001,1.499,1.999,4.2,2.402,2.406,9.378,7.689,100.16652789342216,81.98976327575176
SNL_18650_NMC_25C_0-100_0.5-2C_a,snl,661,graphite,NMC,LGC,400,25,0,100,0.5,2.0,3.0,18650,2018-09-13 20:58:30.894832,2018-09-14 00:45:46.663117,3712439.182,-1.5,1.5,1.998,4.2,2.43,2.433,9.483,8.773,100.12345679012344,92.5129178530001
SNL_18650_NMC_25C_0-100_0.5-2C_a,snl,661,graphite,NMC,LGC,450,25,0,100,0.5,2.0,3.0,18650,2018-09-18 23:56:20.103083,2018-09-19 02:17:24.161534,4149936.681,-6.001,1.5,1.995,4.2,2.396,2.4,9.336,7.914,100.1669449081803,84.76863753213367
SNL_18650_NMC_25C_0-100_0.5-2C_a,snl,661,graphite,NMC,LGC,500,25,0,100,0.5,2.0,3.0,18650,2018-09-23 22:35:10.032464,2018-09-24 00:54:36.687905,4576969.207,-6.001,1.499,1.999,4.2,2.367,2.368,9.233,7.704,100.04224757076467,83.43983537311816
SNL_18650_NMC_25C_0-100_0.5-3C_a,snl,730,graphite,NMC,LGC,50,25,0,100,0.5,3.0,3.0,18650,2017-08-13 04:09:28.702144,2017-08-13 06:43:49.850896,511255.85,-9.0,1.499,1.999,4.2,2.697,2.693,10.36,9.081,99.85168705969596,87.65444015444015
SNL_18650_NMC_25C_0-100_0.5-3C_a,snl,730,graphite,NMC,LGC,100,25,0,100,0.5,3.0,3.0,18650,2017-08-18 12:26:45.547830,2017-08-18 14:56:55.697843,972841.697,-9.0,1.5,1.993,4.2,2.623,2.62,10.101,8.826,99.88562714449104,87.37748737748737
SNL_18650_NMC_25C_0-100_0.5-3C_a,snl,730,graphite,NMC,LGC,150,25,0,100,0.5,3.0,3.0,18650,2017-08-23 17:37:56.746114,2017-08-23 20:04:50.794369,1423316.794,-9.0,1.5,1.992,4.2,2.578,2.575,9.948,8.607,99.88363072148954,86.51990349819057
SNL_18650_NMC_25C_0-100_0.5-3C_a,snl,730,graphite,NMC,LGC,200,25,0,100,0.5,3.0,3.0,18650,2017-08-28 21:11:21.200216,2017-08-28 23:36:54.914388,1868040.914,-9.0,1.5,1.994,4.2,2.547,2.545,9.835,8.533,99.92147624656458,86.76156583629891
SNL_18650_NMC_25C_0-100_0.5-3C_a,snl,730,graphite,NMC,LGC,250,25,0,100,0.5,3.0,3.0,18650,2017-09-10 05:17:47.498884,2017-09-10 07:42:09.884200,2323555.188,-9.0,1.499,1.992,4.2,2.523,2.52,9.741,8.473,99.88109393579072,86.98285596961298
SNL_18650_NMC_25C_0-100_0.5-3C_a,snl,730,graphite,NMC,LGC,300,25,0,100,0.5,3.0,3.0,18650,2017-09-15 05:42:58.208719,2017-09-15 08:04:34.961871,2756900.266,-9.0,1.5,1.994,4.2,2.492,2.49,9.641,8.273,99.91974317817015,85.81060056010787
SNL_18650_NMC_25C_0-100_0.5-3C_a,snl,730,graphite,NMC,LGC,350,25,0,100,0.5,3.0,3.0,18650,2017-09-20 04:33:24.920256,2017-09-20 06:53:46.815607,3184652.12,-9.0,1.5,1.999,4.2,2.466,2.464,9.544,8.188,99.91889699918897,85.7921207041073
SNL_18650_NMC_25C_0-100_0.5-3C_a,snl,730,graphite,NMC,LGC,400,25,0,100,0.5,3.0,3.0,18650,2017-09-25 02:47:58.953306,2017-09-25 05:07:19.406348,3610264.71,-9.0,1.5,1.99,4.2,2.449,2.447,9.481,8.126,99.91833401388322,85.70825862250817
SNL_18650_NMC_25C_0-100_0.5-3C_a,snl,730,graphite,NMC,LGC,450,25,0,100,0.5,3.0,3.0,18650,2017-10-12 12:02:19.324716,2017-10-12 14:20:07.958085,4064855.053,-9.0,1.5,1.998,4.2,2.432,2.43,9.424,8.021,99.91776315789474,85.11247877758915
SNL_18650_NMC_25C_0-100_0.5-3C_a,snl,730,graphite,NMC,LGC,500,25,0,100,0.5,3.0,3.0,18650,2017-10-17 08:23:35.020751,2017-10-17 10:40:28.721695,4483675.817,-9.001,1.5,1.991,4.2,2.413,2.411,9.355,7.951,99.91711562370494,84.9919828968466
SNL_18650_NMC_25C_20-80_0.5-0.5C_a,snl,"4,351.00",graphite,NMC,LGC,50,25,20,80,0.5,0.5,3.0,18650,2017-08-12 21:55:21.871264,2017-08-13 00:27:21.038929,488402.038,-1.5,1.5,3.002,4.016,1.8,1.8,6.716,6.35,100.0,94.55032757593806
SNL_18650_NMC_25C_20-80_0.5-0.5C_a,snl,"4,351.00",graphite,NMC,LGC,100,25,20,80,0.5,0.5,3.0,18650,2017-08-18 06:14:30.155378,2017-08-18 08:46:28.775783,950349.775,-1.5,1.5,2.962,4.015,1.8,1.8,6.709,6.345,100.0,94.57445222834998
SNL_18650_NMC_25C_20-80_0.5-0.5C_a,snl,"4,351.00",graphite,NMC,LGC,150,25,20,80,0.5,0.5,3.0,18650,2017-08-23 14:33:23.996869,2017-08-23 17:05:22.547420,1412283.547,-1.5,1.5,2.911,4.027,1.8,1.8,6.726,6.319,100.0,93.94885518881951
SNL_18650_NMC_25C_20-80_0.5-0.5C_a,snl,"4,351.00",graphite,NMC,LGC,200,25,20,80,0.5,0.5,3.0,18650,2017-08-28 22:52:06.310651,2017-08-29 01:24:05.139411,1874206.139,-1.5,1.5,2.859,4.047,1.8,1.8,6.761,6.274,100.0,92.79692353202189
SNL_18650_NMC_25C_20-80_0.5-0.5C_a,snl,"4,351.00",graphite,NMC,LGC,250,25,20,80,0.5,0.5,3.0,18650,2017-09-03 07:10:43.250430,2017-09-03 09:42:41.261655,2336122.261,-1.5,1.5,2.835,4.032,1.8,1.8,6.731,6.288,100.0,93.41851136532462
SNL_18650_NMC_25C_20-80_0.5-0.5C_a,snl,"4,351.00",graphite,NMC,LGC,300,25,20,80,0.5,0.5,3.0,18650,2017-09-08 15:29:14.239181,2017-09-08 18:01:12.323421,2798033.323,-1.5,1.5,2.784,4.031,1.8,1.8,6.726,6.281,100.0,93.38388343740708
SNL_18650_NMC_25C_20-80_0.5-0.5C_a,snl,"4,351.00",graphite,NMC,LGC,350,25,20,80,0.5,0.5,3.0,18650,2017-09-13 23:47:26.475375,2017-09-14 02:19:24.531436,3259925.531,-1.5,1.5,2.707,4.015,1.8,1.8,6.693,6.301,100.0,94.14313461825789
SNL_18650_NMC_25C_20-80_0.5-0.5C_a,snl,"4,351.00",graphite,NMC,LGC,400,25,20,80,0.5,0.5,3.0,18650,2017-09-19 08:06:22.441451,2017-09-19 10:38:21.707807,3721862.707,-1.5,1.5,2.409,4.014,1.8,1.8,6.683,6.276,100.0,93.90992069429896
SNL_18650_NMC_25C_20-80_0.5-0.5C_a,snl,"4,351.00",graphite,NMC,LGC,450,25,20,80,0.5,0.5,3.0,18650,2017-10-05 08:32:03.083014,2017-10-05 10:57:38.411227,4183432.401,-1.5,1.5,3.179,4.02,1.816,1.623,6.779,5.768,89.37224669603523,85.0862959138516
SNL_18650_NMC_25C_20-80_0.5-0.5C_a,snl,"4,351.00",graphite,NMC,LGC,500,25,20,80,0.5,0.5,3.0,18650,2017-10-10 01:44:53.501393,2017-10-10 03:53:56.680957,4590010.671,-1.5,1.5,3.179,4.02,1.513,1.513,5.708,5.364,100.0,93.97337070777854
SNL_18650_NMC_25C_20-80_0.5-3C_a,snl,"3,610.00",graphite,NMC,LGC,50,25,20,80,0.5,3.0,3.0,18650,2017-08-10 23:49:09.230297,2017-08-11 01:21:10.628712,319003.628,-9.0,1.499,2.942,4.049,1.8,1.8,6.765,6.025,100.0,89.06134515890615
SNL_18650_NMC_25C_20-80_0.5-3C_a,snl,"3,610.00",graphite,NMC,LGC,100,25,20,80,0.5,3.0,3.0,18650,2017-08-14 06:10:22.707345,2017-08-14 07:42:24.134645,601077.134,-9.001,1.499,3.009,4.079,1.8,1.8,6.806,6.07,100.0,89.18601234205113
SNL_18650_NMC_25C_20-80_0.5-3C_a,snl,"3,610.00",graphite,NMC,LGC,150,25,20,80,0.5,3.0,3.0,18650,2017-08-17 12:31:31.313390,2017-08-17 14:03:32.531351,883145.531,-9.001,1.499,3.059,4.11,1.8,1.8,6.849,6.104,100.0,89.12249963498321
SNL_18650_NMC_25C_20-80_0.5-3C_a,snl,"3,610.00",graphite,NMC,LGC,200,25,20,80,0.5,3.0,3.0,18650,2017-08-20 18:52:33.841797,2017-08-20 20:24:34.849626,1165207.849,-9.001,1.5,3.105,4.14,1.8,1.8,6.891,6.147,100.0,89.2033086634741
SNL_18650_NMC_25C_20-80_0.5-3C_a,snl,"3,610.00",graphite,NMC,LGC,250,25,20,80,0.5,3.0,3.0,18650,2017-08-24 01:13:37.504745,2017-08-24 02:45:38.945861,1447271.945,-9.001,1.499,3.121,4.166,1.8,1.8,6.941,6.154,100.0,88.66157614176632
SNL_18650_NMC_25C_20-80_0.5-3C_a,snl,"3,610.00",graphite,NMC,LGC,300,25,20,80,0.5,3.0,3.0,18650,2017-08-27 07:34:32.102702,2017-08-27 09:06:33.180147,1729326.18,-9.0,1.499,3.148,4.182,1.8,1.8,6.986,6.193,100.0,88.64872602347552
SNL_18650_NMC_25C_20-80_0.5-3C_a,snl,"3,610.00",graphite,NMC,LGC,350,25,20,80,0.5,3.0,3.0,18650,2017-08-30 13:55:22.370939,2017-08-30 15:27:23.399224,2011376.399,-9.002,1.5,3.174,4.196,1.8,1.8,7.027,6.232,100.0,88.68649494805749
SNL_18650_NMC_25C_20-80_0.5-3C_a,snl,"3,610.00",graphite,NMC,LGC,400,25,20,80,0.5,3.0,3.0,18650,2017-09-02 20:16:12.957595,2017-09-02 21:48:13.832154,2293426.832,-9.0,1.5,3.191,4.213,1.8,1.8,7.065,6.267,100.0,88.70488322717623
SNL_18650_NMC_25C_20-80_0.5-3C_a,snl,"3,610.00",graphite,NMC,LGC,450,25,20,80,0.5,3.0,3.0,18650,2017-09-06 02:37:04.744466,2017-09-06 04:09:05.661718,2575478.661,-9.0,1.5,3.209,4.238,1.8,1.8,7.104,6.297,100.0,88.6402027027027
SNL_18650_NMC_25C_20-80_0.5-3C_a,snl,"3,610.00",graphite,NMC,LGC,500,25,20,80,0.5,3.0,3.0,18650,2017-09-09 04:54:11.582802,2017-09-09 06:15:05.199257,2842238.199,-9.001,1.5,2.949,4.02,1.561,1.561,5.872,5.166,100.0,87.97683923705722
SNL_18650_NMC_25C_40-60_0.5-0.5C_a,snl,"11,150.00",graphite,NMC,LGC,50,25,40,60,0.5,0.5,3.0,18650,2017-08-09 21:47:33.960198,2017-08-09 22:43:33.754792,222930.754,-1.5,1.5,3.491,3.821,0.6,0.6,2.236,2.148,100.0,96.06440071556351
SNL_18650_NMC_25C_40-60_0.5-0.5C_a,snl,"11,150.00",graphite,NMC,LGC,100,25,40,60,0.5,0.5,3.0,18650,2017-08-11 22:07:25.934443,2017-08-11 23:03:25.709231,396922.709,-1.5,1.5,3.488,3.819,0.6,0.6,2.234,2.147,100.0,96.10564010743062
SNL_18650_NMC_25C_40-60_0.5-0.5C_a,snl,"11,150.00",graphite,NMC,LGC,150,25,40,60,0.5,0.5,3.0,18650,2017-08-13 22:27:17.387828,2017-08-13 23:23:17.105418,570914.105,-1.5,1.5,3.486,3.817,0.6,0.6,2.233,2.146,100.0,96.10389610389609
SNL_18650_NMC_25C_40-60_0.5-0.5C_a,snl,"11,150.00",graphite,NMC,LGC,200,25,40,60,0.5,0.5,3.0,18650,2017-08-15 22:47:09.152954,2017-08-15 23:43:08.865191,744905.865,-1.5,1.5,3.483,3.815,0.6,0.6,2.233,2.145,100.0,96.0591133004926
SNL_18650_NMC_25C_40-60_0.5-0.5C_a,snl,"11,150.00",graphite,NMC,LGC,250,25,40,60,0.5,0.5,3.0,18650,2017-08-17 23:06:57.522681,2017-08-18 00:02:57.244882,918894.244,-1.5,1.5,3.48,3.814,0.6,0.6,2.232,2.143,100.0,96.01254480286737
SNL_18650_NMC_25C_40-60_0.5-0.5C_a,snl,"11,150.00",graphite,NMC,LGC,300,25,40,60,0.5,0.5,3.0,18650,2017-08-19 23:26:44.279982,2017-08-20 00:22:43.945156,1092880.945,-1.5,1.5,3.478,3.812,0.6,0.6,2.231,2.142,100.0,96.01075750784402
SNL_18650_NMC_25C_40-60_0.5-0.5C_a,snl,"11,150.00",graphite,NMC,LGC,350,25,40,60,0.5,0.5,3.0,18650,2017-08-21 23:46:31.113761,2017-08-22 00:42:30.741587,1266867.741,-1.5,1.5,3.474,3.811,0.6,0.6,2.231,2.141,100.0,95.96593455849396
SNL_18650_NMC_25C_40-60_0.5-0.5C_a,snl,"11,150.00",graphite,NMC,LGC,400,25,40,60,0.5,0.5,3.0,18650,2017-08-24 00:06:18.657734,2017-08-24 01:02:18.287324,1444335.146,-1.5,1.5,3.463,3.819,0.6,0.6,2.236,2.134,100.0,95.43828264758496
SNL_18650_NMC_25C_40-60_0.5-0.5C_a,snl,"11,150.00",graphite,NMC,LGC,450,25,40,60,0.5,0.5,3.0,18650,2017-08-26 00:26:04.872279,2017-08-26 01:22:04.485165,1618321.136,-1.5,1.5,3.46,3.817,0.6,0.6,2.235,2.133,100.0,95.43624161073826
SNL_18650_NMC_25C_40-60_0.5-0.5C_a,snl,"11,150.00",graphite,NMC,LGC,500,25,40,60,0.5,0.5,3.0,18650,2017-08-28 00:45:48.568779,2017-08-28 01:41:48.324198,1792304.951,-1.5,1.5,3.458,3.815,0.6,0.6,2.234,2.133,100.0,95.47896150402865
SNL_18650_NMC_25C_40-60_0.5-3C_a,snl,"12,918.00",graphite,NMC,LGC,50,25,40,60,0.5,3.0,3.0,18650,2017-08-09 05:43:27.673823,2017-08-09 06:19:28.112245,163422.112,-8.998,1.499,3.219,3.818,0.6,0.6,2.23,1.994,100.0,89.41704035874439
SNL_18650_NMC_25C_40-60_0.5-3C_a,snl,"12,918.00",graphite,NMC,LGC,100,25,40,60,0.5,3.0,3.0,18650,2017-08-10 13:23:52.058584,2017-08-10 13:59:52.523708,277446.523,-8.998,1.499,3.223,3.82,0.6,0.6,2.231,1.997,100.0,89.51142985208428
SNL_18650_NMC_25C_40-60_0.5-3C_a,snl,"12,918.00",graphite,NMC,LGC,150,25,40,60,0.5,3.0,3.0,18650,2017-08-11 21:04:16.288997,2017-08-11 21:40:16.764380,391470.764,-8.999,1.499,3.226,3.822,0.6,0.6,2.232,1.999,100.0,89.56093189964157
SNL_18650_NMC_25C_40-60_0.5-3C_a,snl,"12,918.00",graphite,NMC,LGC,200,25,40,60,0.5,3.0,3.0,18650,2017-08-13 04:44:42.189326,2017-08-13 05:20:42.658255,505496.658,-8.998,1.499,3.225,3.823,0.6,0.6,2.232,1.999,100.0,89.56093189964157
SNL_18650_NMC_25C_40-60_0.5-3C_a,snl,"12,918.00",graphite,NMC,LGC,250,25,40,60,0.5,3.0,3.0,18650,2017-08-14 12:25:07.006688,2017-08-14 13:01:07.408475,619521.408,-8.998,1.5,3.226,3.826,0.6,0.6,2.233,1.999,100.0,89.52082400358262
SNL_18650_NMC_25C_40-60_0.5-3C_a,snl,"12,918.00",graphite,NMC,LGC,300,25,40,60,0.5,3.0,3.0,18650,2017-08-15 20:05:30.960364,2017-08-15 20:41:31.346595,733545.346,-8.998,1.499,3.226,3.828,0.6,0.6,2.234,1.999,100.0,89.48075201432408
SNL_18650_NMC_25C_40-60_0.5-3C_a,snl,"12,918.00",graphite,NMC,LGC,350,25,40,60,0.5,3.0,3.0,18650,2017-08-17 03:45:52.674390,2017-08-17 04:21:53.107744,847567.107,-8.998,1.499,3.228,3.83,0.6,0.6,2.235,2.001,100.0,89.53020134228188
SNL_18650_NMC_25C_40-60_0.5-3C_a,snl,"12,918.00",graphite,NMC,LGC,400,25,40,60,0.5,3.0,3.0,18650,2017-08-18 11:26:14.582315,2017-08-18 12:02:14.931054,961588.931,-8.999,1.499,3.226,3.831,0.6,0.6,2.235,1.999,100.0,89.44071588366891
SNL_18650_NMC_25C_40-60_0.5-3C_a,snl,"12,918.00",graphite,NMC,LGC,450,25,40,60,0.5,3.0,3.0,18650,2017-08-19 19:06:35.734829,2017-08-19 19:42:35.974090,1075609.974,-8.999,1.499,3.226,3.832,0.6,0.6,2.236,2.0,100.0,89.44543828264757
SNL_18650_NMC_25C_40-60_0.5-3C_a,snl,"12,918.00",graphite,NMC,LGC,500,25,40,60,0.5,3.0,3.0,18650,2017-08-21 02:46:56.861639,2017-08-21 03:22:57.193611,1189631.193,-8.999,1.5,3.228,3.836,0.6,0.6,2.237,2.001,100.0,89.45015645954403
SNL_18650_NMC_35C_0-100_0.5-1C_a,snl,786,graphite,NMC,LGC,50,35,0,100,0.5,1.0,3.0,18650,2018-03-06 08:35:22.496100,2018-03-06 11:42:11.627924,599489.761,-3.0,1.5,1.998,4.2,2.715,2.711,10.496,9.495,99.85267034990792,90.46303353658536
SNL_18650_NMC_35C_0-100_0.5-1C_a,snl,786,graphite,NMC,LGC,100,35,0,100,0.5,1.0,3.0,18650,2018-03-12 18:23:32.441568,2018-03-12 21:26:13.978500,1152932.112,-3.0,1.5,1.997,4.2,2.645,2.642,10.242,9.283,99.88657844990549,90.63659441515328
SNL_18650_NMC_35C_0-100_0.5-1C_a,snl,786,graphite,NMC,LGC,150,35,0,100,0.5,1.0,3.0,18650,2018-03-19 01:34:41.320992,2018-03-19 04:34:58.673560,1697056.807,-3.0,1.5,1.997,4.2,2.605,2.603,10.097,9.156,99.92322456813821,90.68040011884719
SNL_18650_NMC_35C_0-100_0.5-1C_a,snl,786,graphite,NMC,LGC,200,35,0,100,0.5,1.0,3.0,18650,2018-03-25 07:02:43.076028,2018-03-25 10:01:10.983476,2235029.117,-3.0,1.5,1.997,4.2,2.575,2.573,9.985,9.057,99.92233009708738,90.70605908863297
SNL_18650_NMC_35C_0-100_0.5-1C_a,snl,786,graphite,NMC,LGC,250,35,0,100,0.5,1.0,3.0,18650,2018-03-31 11:07:57.459808,2018-03-31 14:04:53.859060,2768051.993,-3.0,1.5,1.997,4.2,2.549,2.548,9.891,8.971,99.96076892899175,90.69861490243656
SNL_18650_NMC_35C_0-100_0.5-1C_a,snl,786,graphite,NMC,LGC,300,35,0,100,0.5,1.0,3.0,18650,2018-05-12 15:27:59.307796,2018-05-12 18:19:39.403220,3299034.473,-3.0,1.5,1.997,4.2,2.489,2.487,9.692,8.644,99.91964644435517,89.18695831613702
SNL_18650_NMC_35C_0-100_0.5-1C_a,snl,786,graphite,NMC,LGC,350,35,0,100,0.5,1.0,3.0,18650,2018-05-18 15:09:37.661120,2018-05-18 18:02:36.937552,3816412.007,-3.0,1.5,1.997,4.2,2.493,2.492,9.69,8.743,99.95988768551946,90.22703818369455
SNL_18650_NMC_35C_0-100_0.5-1C_a,snl,786,graphite,NMC,LGC,400,35,0,100,0.5,1.0,3.0,18650,2018-06-06 20:26:22.571076,2018-06-06 23:15:21.410696,4352011.669,-3.0,1.5,1.996,4.2,2.444,2.442,9.529,8.461,99.91816693944354,88.79210830097597
SNL_18650_NMC_35C_0-100_0.5-1C_a,snl,786,graphite,NMC,LGC,450,35,0,100,0.5,1.0,3.0,18650,2018-06-12 17:35:20.703528,2018-06-12 20:24:53.621424,4860183.88,-3.0,1.5,1.997,4.2,2.444,2.443,9.517,8.525,99.95908346972178,89.57654723127037
SNL_18650_NMC_35C_0-100_0.5-1C_a,snl,786,graphite,NMC,LGC,500,35,0,100,0.5,1.0,3.0,18650,2018-06-18 14:13:39.271336,2018-06-18 16:59:08.456700,5366238.715,-3.0,1.5,1.996,4.2,2.386,2.385,9.324,8.211,99.95808885163451,88.06306306306307
SNL_18650_NMC_35C_0-100_0.5-2C_a,snl,786,graphite,NMC,LGC,50,35,0,100,0.5,1.0,3.0,18650,2018-03-05 17:03:42.890548,2018-03-05 19:45:36.304324,542051.239,-6.0,1.5,1.997,4.2,2.724,2.721,10.516,9.077,99.88986784140968,86.31608976797261
SNL_18650_NMC_35C_0-100_0.5-2C_a,snl,786,graphite,NMC,LGC,100,35,0,100,0.5,1.0,3.0,18650,2018-03-11 09:06:27.672528,2018-03-11 11:54:39.407972,1032194.342,-6.0,1.499,1.997,4.2,2.653,2.652,10.271,8.869,99.96230682246514,86.34991724272221
SNL_18650_NMC_35C_0-100_0.5-2C_a,snl,786,graphite,NMC,LGC,150,35,0,100,0.5,1.0,3.0,18650,2018-03-16 21:29:16.679804,2018-03-17 00:15:17.789340,1508632.724,-6.0,1.499,1.996,4.2,2.613,2.612,10.127,8.741,99.96172981247608,86.31381455514959
SNL_18650_NMC_35C_0-100_0.5-2C_a,snl,786,graphite,NMC,LGC,200,35,0,100,0.5,1.0,3.0,18650,2018-03-22 12:56:23.975476,2018-03-22 15:40:11.606344,1996126.541,-6.0,1.5,1.995,4.2,2.584,2.579,10.014,8.596,99.80650154798762,85.83982424605553
SNL_18650_NMC_35C_0-100_0.5-2C_a,snl,786,graphite,NMC,LGC,250,35,0,100,0.5,1.0,3.0,18650,2018-03-28 03:30:00.921652,2018-03-28 06:02:23.065988,2479858.0,-6.0,1.499,1.993,4.2,2.566,2.547,9.95,8.466,99.25954793452846,85.08542713567839
SNL_18650_NMC_35C_0-100_0.5-2C_a,snl,786,graphite,NMC,LGC,300,35,0,100,0.5,1.0,3.0,18650,2018-07-17 08:46:31.767648,2018-07-17 11:27:03.766256,2974479.443,-6.0,1.5,1.996,4.2,2.529,2.527,9.814,8.388,99.92091735863978,85.46973711025066
SNL_18650_NMC_35C_0-100_0.5-2C_a,snl,786,graphite,NMC,LGC,350,35,0,100,0.5,1.0,3.0,18650,2018-07-22 20:13:51.024836,2018-07-22 22:43:58.697028,3447094.374,-6.0,1.5,1.994,4.2,2.518,2.506,9.769,8.332,99.52343129467832,85.29020370559935
SNL_18650_NMC_35C_0-100_0.5-2C_a,snl,786,graphite,NMC,LGC,400,35,0,100,0.5,1.0,3.0,18650,2018-08-07 12:51:32.708204,2018-08-07 15:29:28.467284,3950131.055,-6.0,1.5,1.995,4.2,2.484,2.482,9.65,8.197,99.91948470209341,84.94300518134715
SNL_18650_NMC_35C_0-100_0.5-2C_a,snl,786,graphite,NMC,LGC,450,35,0,100,0.5,1.0,3.0,18650,2018-08-13 00:35:36.068716,2018-08-13 03:13:33.932988,4424376.521,-6.0,1.5,1.995,4.2,2.477,2.478,9.617,8.208,100.04037141703674,85.34886139128626
SNL_18650_NMC_35C_0-100_0.5-2C_a,snl,786,graphite,NMC,LGC,500,35,0,100,0.5,1.0,3.0,18650,2018-08-18 11:25:19.321740,2018-08-18 14:02:17.800624,4895300.388,-6.0,1.5,1.995,4.2,2.455,2.458,9.535,8.145,100.12219959266804,85.42212899842684
